{"type":"FeatureCollection","crs":{"type":"name","properties":{"name":"EPSG:4326"}},"features":[{"type":"Feature","id":120,"geometry":{"type":"Polygon","coordinates":[[[-80.110117512751629,26.210871534224314],[-80.110117534436782,26.210872498319233],[-80.110471429792469,26.210866407600811],[-80.110471607918782,26.210866405092343],[-80.110551597534794,26.210865028818837],[-80.110551775667957,26.210865025407738],[-80.111107815068095,26.210855463691423],[-80.111107994201802,26.210855460285792],[-80.112899579712462,26.210824636572227],[-80.112899757845597,26.210824633158214],[-80.113205110510748,26.210819378909409],[-80.113205287643311,26.210819375488843],[-80.113509880756496,26.210814132154635],[-80.113510058889602,26.210814128739862],[-80.114166435635696,26.210802830591309],[-80.114166613782459,26.210802825370639],[-80.115586652908718,26.210736650541573],[-80.115586830075301,26.210736642605347],[-80.117211266803508,26.210660928167552],[-80.117211445971051,26.210660920241612],[-80.117526641295683,26.210646227434708],[-80.117526819435383,26.210646223112395],[-80.117526820238538,26.210646249292321],[-80.117528318195639,26.210728762976863],[-80.117528816824986,26.210756314769288],[-80.117529310296675,26.210756291622609],[-80.120072094902028,26.21063806703825],[-80.120072146465404,26.210632807079786],[-80.120072324639011,26.210632798241615],[-80.120078887393731,26.209949176046496],[-80.120079773162303,26.209920137133455],[-80.120080625676991,26.209892193756922],[-80.120084742625622,26.209835310864758],[-80.120091229620996,26.209778608549765],[-80.120100082053469,26.209722167113579],[-80.120111284314262,26.209666065887831],[-80.120124821788437,26.209610385112686],[-80.120140673871504,26.209555203186405],[-80.120158818938179,26.209500601208628],[-80.120179231422256,26.209446652131614],[-80.120201882694985,26.209393437011943],[-80.120226739199722,26.209341026947623],[-80.120253767325821,26.209289500256862],[-80.120282926506476,26.209238928897197],[-80.120314177189272,26.209189383027145],[-80.120347475799534,26.209140935488254],[-80.120382772807091,26.209093652767613],[-80.120420019675819,26.209047602260863],[-80.120459162867149,26.209002851333008],[-80.120500146875656,26.208959462824144],[-80.120542913221726,26.20891749594583],[-80.120587402411942,26.208877011708537],[-80.12063354996404,26.208838069287122],[-80.120681291436767,26.20880072244119],[-80.120730557393259,26.208765023997284],[-80.120781280418399,26.208731024086546],[-80.120833386093508,26.208698772797394],[-80.12088680205558,26.208668313010168],[-80.120941451912614,26.208639691190999],[-80.120997256325481,26.208612946567435],[-80.121054140957995,26.208588118397657],[-80.121112020522517,26.208565238652348],[-80.121170813706712,26.208544342936918],[-80.121230439266185,26.20852545783147],[-80.12129080992645,26.208508613489713],[-80.121291924598737,26.20850834410906],[-80.121293130828278,26.208508007593796],[-80.12135166336644,26.208493832677902],[-80.121413268598431,26.208481135090718],[-80.121475359326581,26.208470539860016],[-80.121537850386488,26.208462062711508],[-80.121600650637689,26.208455715724295],[-80.121663670940904,26.208451510989839],[-80.121663849111144,26.208451502149583],[-80.121704138485669,26.208450185839553],[-80.121704316642365,26.208450178804348],[-80.121726822292317,26.208449442548808],[-80.121727000428706,26.208449438221223],[-80.121727495708456,26.208449439440813],[-80.123031840124114,26.208428948985439],[-80.123032018240153,26.208428947363856],[-80.123032513594367,26.208428938650947],[-80.123159717746049,26.208426942457429],[-80.12315989687616,26.208426939036688],[-80.123212494709165,26.208425049293034],[-80.123212670884996,26.208425039536106],[-80.123265121418655,26.208421041333956],[-80.12331750073831,26.208414928819163],[-80.12336952754805,26.208406719231363],[-80.123421096639845,26.208396431786543],[-80.123472108815946,26.208384084834819],[-80.123489515183081,26.208379112970889],[-80.123490706032399,26.208378825083024],[-80.123522638924726,26.208369704105358],[-80.123572232496699,26.208353316614303],[-80.12705379464208,26.207122887343473],[-80.129115178503994,26.206394314964999],[-80.129202900500829,26.206364427106447],[-80.129291410361631,26.206336494456817],[-80.129380655928912,26.206310534750706],[-80.12939342145944,26.206307131647286],[-80.129395416901716,26.20630655162881],[-80.129470402977432,26.206286561010579],[-80.129560955535638,26.206264593127386],[-80.129652079412097,26.206244639610976],[-80.129743720475773,26.206226714574147],[-80.129835821627751,26.206210827599065],[-80.129928327756829,26.206196990085182],[-80.130021183778751,26.206185209821893],[-80.130114332628438,26.206175491878984],[-80.130207720161891,26.206167852175138],[-80.130207897347944,26.206167840610501],[-80.130301286446809,26.206162277711321],[-80.130301463605988,26.206162269756756],[-80.130394977366052,26.206158780796301],[-80.130395153504594,26.206158775543212],[-80.130395648775661,26.206158776732714],[-80.130488731819142,26.206157370988986],[-80.130488909931927,26.206157369358078],[-80.130489406250447,26.206157364235448],[-80.132276946758978,26.206150206131472],[-80.13227712486507,26.206150205400899],[-80.132358779392433,26.206147322355829],[-80.132228102882678,26.203762772109979],[-80.132213776675968,26.203762960962816],[-80.132213677961801,26.203759271485527],[-80.131764969626488,26.203650400967362],[-80.127376505217228,26.203735613612853],[-80.126652194766535,26.203650400427335],[-80.123073253906043,26.203820827269798],[-80.123019437222055,26.20381634181491],[-80.122930316528269,26.196486196542164],[-80.111422309466974,26.196761204336607],[-80.10974785284948,26.200522998410065],[-80.109152987810958,26.202188621122694],[-80.108629506430191,26.204139779184391],[-80.107513692053161,26.208751654661658],[-80.107281495798858,26.209757838269592],[-80.110090360046385,26.209699746743503],[-80.110090538170908,26.209699744235451],[-80.110091033509491,26.209699738274931],[-80.110109941066938,26.210536325072464],[-80.110117512751629,26.210871534224314]]]},"properties":{"OBJECTID":120,"DISTRICTID":null,"NAME":null,"AGENCY":"WM (Waste Management)","AGENCYURL":"https://gyr.fortlauderdale.gov/greener-government/recycling-waste-reduction/solid-waste-yard-waste-recycling-services/residential-curbside-pick-up-garbage-yard-waste-bulk-and-recycling","CONTACT":"Fort Lauderdale Customer Service","PHONE":"954-828-8000","EMAIL":"customerService@fortlauderdale.gov","SUBTYPEFIELD":7,"SCHEDULE":"Monthly","DESCRIPT":null,"MONDAY":"No","TUESDAY":"No","WEDNESDAY":"No","THURSDAY":"Yes","FRIDAY":"No","SATURDAY":"No","SUNDAY":"No","WEEKONE":"No","WEEKTWO":"No","WEEKTHREE":"No","WEEKFOUR":"Yes","BULKDAY":"4th Thursday","RECYCLDAY":null,"TRASHDAY":null,"YARDDAY":null,"DAY":"Thursday","WEEK":"4th","created_user":"CARLOSCR","created_date":1605713376000,"last_edited_user":"CARLOSCR","last_edited_date":1690747321000,"GlobalID":"{BFE80761-63C3-4A36-B8EA-A4FAE25F8543}"}},{"type":"Feature","id":121,"geometry":{"type":"Polygon","coordinates":[[[-80.108479819296306,26.138023005524509],[-80.108486737644469,26.13807402772315],[-80.110964351470287,26.138088900052367],[-80.114866668168986,26.137922336916287],[-80.11631814025732,26.13785095338778],[-80.118150325953692,26.137755774673717],[-80.118647038444919,26.137723057621944],[-80.119194314241767,26.137675468117347],[-80.11922682079836,26.137665574012559],[-80.119741590821221,26.137508905433144],[-80.120241277005661,26.137270959836947],[-80.121050295248253,26.137294754356059],[-80.121787928477374,26.137485111119634],[-80.122977658515907,26.137413727275923],[-80.128545682563541,26.137274526340605],[-80.129372882068026,26.137253846373067],[-80.138651253932466,26.136979704268413],[-80.138660643130251,26.136968607893259],[-80.138908153956308,26.136676093879451],[-80.139717171925128,26.13584328167952],[-80.141002081133308,26.134582167024458],[-80.143381542615842,26.132059937646616],[-80.144000202805088,26.131524558815187],[-80.143833640502294,26.131239023883325],[-80.143536610859655,26.122304365547713],[-80.137337710071492,26.122423118107331],[-80.135481730246255,26.122542091054147],[-80.134244409582351,26.122542091248665],[-80.129247540414738,26.122661064281356],[-80.124893124632067,26.122708654251962],[-80.124036518579032,26.122684859368171],[-80.123965135337968,26.123017984172375],[-80.122704019734343,26.12313695745102],[-80.122822993092242,26.126896506743751],[-80.121895003565427,26.130251547674384],[-80.121181165633729,26.130203958336477],[-80.121038397053681,26.129156995405893],[-80.112948227627157,26.129204585293301],[-80.112829253834008,26.128443156363335],[-80.111353987673567,26.128110032875274],[-80.10985492775545,26.127967264533151],[-80.109819235591758,26.130025499374192],[-80.109914413646834,26.132095631289886],[-80.109057807604074,26.134546475522487],[-80.108343969444704,26.137021115382787],[-80.108479819296306,26.138023005524509]]]},"properties":{"OBJECTID":121,"DISTRICTID":null,"NAME":null,"AGENCY":"WM (Waste Management)","AGENCYURL":"https://gyr.fortlauderdale.gov/greener-government/recycling-waste-reduction/solid-waste-yard-waste-recycling-services/residential-curbside-pick-up-garbage-yard-waste-bulk-and-recycling","CONTACT":"Fort Lauderdale Customer Service","PHONE":"954-828-8000","EMAIL":"customerService@fortlauderdale.gov","SUBTYPEFIELD":7,"SCHEDULE":"Monthly","DESCRIPT":null,"MONDAY":"No","TUESDAY":"No","WEDNESDAY":"No","THURSDAY":"Yes","FRIDAY":"No","SATURDAY":"No","SUNDAY":"No","WEEKONE":"No","WEEKTWO":"Yes","WEEKTHREE":"No","WEEKFOUR":"No","BULKDAY":"2nd Thursday","RECYCLDAY":null,"TRASHDAY":null,"YARDDAY":null,"DAY":"Thursday","WEEK":"2nd","created_user":"CARLOSCR","created_date":1605713376000,"last_edited_user":"CARLOSCR","last_edited_date":1690747320000,"GlobalID":"{B2EDFD54-6E9B-4700-ACF5-849D83DF4313}"}},{"type":"Feature","id":122,"geometry":{"type":"Polygon","coordinates":[[[-80.185873501940989,26.105601438568385],[-80.187747413927625,26.105298312764592],[-80.189888928491484,26.104917598251152],[-80.191435579716241,26.104727242049375],[-80.201364014850668,26.104509989025352],[-80.201362888137325,26.104474824280377],[-80.201362710171239,26.104474826905285],[-80.201340894061161,26.104475482333992],[-80.201340716076686,26.104475487666605],[-80.201340671079194,26.104475489222619],[-80.201325375416189,26.104475946983062],[-80.201294549133962,26.103481557356954],[-80.201268976583037,26.102656675499915],[-80.201268788617028,26.102656678971965],[-80.201229464332684,26.102657757328053],[-80.201178878847372,26.101053216367973],[-80.201159626827973,26.100442611315657],[-80.201160435724688,26.100442587814918],[-80.20116047771559,26.100442587144897],[-80.201160655693954,26.100442581812352],[-80.201160918666034,26.100442573340167],[-80.201161096626009,26.100442570715366],[-80.201148429680586,26.100034706080269],[-80.201132289532723,26.099515073452068],[-80.201077391435007,26.097747583790827],[-80.201127318917329,26.097745985598674],[-80.201127496879351,26.09774598207126],[-80.200943474235558,26.091743105313999],[-80.200940565399563,26.091648194836377],[-80.200940476432365,26.091648195246208],[-80.200940387459056,26.09164819655863],[-80.200856745317353,26.091650638758995],[-80.200856567352275,26.091650644091445],[-80.200856520360603,26.091650645636367],[-80.200671383686696,26.091656048363358],[-80.200670053241097,26.091649131492797],[-80.199637112177186,26.091652708633426],[-80.199351576387812,26.091700297635374],[-80.198947067234769,26.09189065509252],[-80.198709121107953,26.091724092417731],[-80.196662783595201,26.091795476779104],[-80.192808056192305,26.091866860322867],[-80.192774582204379,26.091868077485028],[-80.18757324056773,26.092057217314572],[-80.185645875768458,26.0921523961274],[-80.185636202868494,26.09215409258767],[-80.185814015534547,26.103067311561372],[-80.185873501940989,26.105601438568385]]]},"properties":{"OBJECTID":122,"DISTRICTID":null,"NAME":null,"AGENCY":"WM (Waste Management)","AGENCYURL":"https://gyr.fortlauderdale.gov/greener-government/recycling-waste-reduction/solid-waste-yard-waste-recycling-services/residential-curbside-pick-up-garbage-yard-waste-bulk-and-recycling","CONTACT":"Fort Lauderdale Customer Service","PHONE":"954-828-8000","EMAIL":"customerService@fortlauderdale.gov","SUBTYPEFIELD":7,"SCHEDULE":"Monthly","DESCRIPT":null,"MONDAY":"No","TUESDAY":"Yes","WEDNESDAY":"No","THURSDAY":"No","FRIDAY":"No","SATURDAY":"No","SUNDAY":"No","WEEKONE":"Yes","WEEKTWO":"No","WEEKTHREE":"No","WEEKFOUR":"No","BULKDAY":"1st Tuesday","RECYCLDAY":null,"TRASHDAY":null,"YARDDAY":null,"DAY":"Tuesday","WEEK":"1st","created_user":"CARLOSCR","created_date":1605713376000,"last_edited_user":"CARLOSCR","last_edited_date":1690747320000,"GlobalID":"{37790A20-492B-476E-837A-01BDCEB73062}"}},{"type":"Feature","id":123,"geometry":{"type":"Polygon","coordinates":[[[-80.160122975914064,26.116283888876488],[-80.160860608938762,26.117116700635066],[-80.161526857829941,26.118330225238068],[-80.161883776571841,26.118925091232018],[-80.162169312896026,26.119091654051594],[-80.162787972327436,26.119329599535202],[-80.163406632883195,26.119638930255228],[-80.163692168472252,26.120186205733951],[-80.16369216807233,26.12066209820415],[-80.163359043618257,26.121019017834801],[-80.163025919129922,26.121375936640511],[-80.1630735084712,26.121780444896661],[-80.163084571170657,26.121935329113494],[-80.163785426472089,26.121935328598301],[-80.164689621702763,26.121840150203198],[-80.165807968638035,26.121768766181958],[-80.16683113825512,26.121768766324156],[-80.168758501061532,26.121744971045366],[-80.168777591222081,26.121744971013282],[-80.16874852412522,26.121328347118553],[-80.168748524043664,26.119710313797725],[-80.16886749738164,26.117188083884283],[-80.168867497233478,26.114213757026906],[-80.168724729539974,26.111810500504799],[-80.168629550628381,26.1103114394109],[-80.168629551420153,26.108574433011587],[-80.168676390537456,26.106700873760115],[-80.168677140625888,26.106670863718531],[-80.16883069377451,26.104203761123678],[-80.168832525395942,26.104100233678583],[-80.168869449099873,26.102014042150174],[-80.168878281357877,26.101514968590582],[-80.168878281957149,26.098659615288604],[-80.168830322284563,26.097844315212559],[-80.168806898298541,26.097446089758524],[-80.168792509615059,26.097014426904931],[-80.167713514960113,26.098321670055878],[-80.167142443529556,26.098821356862285],[-80.166262042113345,26.099083098187318],[-80.165690972292737,26.098631000049149],[-80.165048516613453,26.09863100025925],[-80.164263293700472,26.098868945997499],[-80.163216331060752,26.09905930279929],[-80.162288341456474,26.099130688079921],[-80.161288967161141,26.09908309857919],[-80.160717896509027,26.099202071693778],[-80.160695281701024,26.099835315878298],[-80.160740522404751,26.099873141082842],[-80.160645345298676,26.10039662217099],[-80.160098068762622,26.102633316246823],[-80.160026684857129,26.103156798006147],[-80.160026684613669,26.103656484883516],[-80.160002889647885,26.104084787785332],[-80.159883916560574,26.104798626885927],[-80.159669765357322,26.105512464499231],[-80.159265256780188,26.106059740893304],[-80.159003516519874,26.10677357962831],[-80.158932611165071,26.107222645244846],[-80.153264801520947,26.10733698127061],[-80.153258228370021,26.107337113265668],[-80.1532537030984,26.107337184174661],[-80.147190601316794,26.107432291112094],[-80.145060982347317,26.107515573232138],[-80.145062199926954,26.107555033218137],[-80.145328571055913,26.116189048998656],[-80.14549228611186,26.11850834634755],[-80.145434565007449,26.118544977452874],[-80.145751026555089,26.118520582873884],[-80.146226918985263,26.118520582407189],[-80.146750400997533,26.118687145649865],[-80.147345265961235,26.119115448688031],[-80.147987720937181,26.119472367646832],[-80.148344640182813,26.119044064762342],[-80.148487407759831,26.118044690732372],[-80.148809378558383,26.117436524339283],[-80.148915710691909,26.117235674184268],[-80.149265719105273,26.116869756382648],[-80.149962673794903,26.116141121385176],[-80.150157461268137,26.116028971489555],[-80.150624874407157,26.11575985404459],[-80.150747896530987,26.11568902315787],[-80.151654084395972,26.115525909242244],[-80.151937626879402,26.115474871749356],[-80.1532939202568,26.11547487184162],[-80.15348427766358,26.115974558689022],[-80.153508071754757,26.1167597815082],[-80.153888785825472,26.117021522002613],[-80.154412266929754,26.116831164701122],[-80.154983338244691,26.116474245455663],[-80.155530613784563,26.116141121519433],[-80.156173069320332,26.115593844878884],[-80.156863113029004,26.11526071995532],[-80.157362799490912,26.115427282482322],[-80.157386593935584,26.115807996219477],[-80.157719719716894,26.116093531852702],[-80.158171816374207,26.116212505435193],[-80.158909449529432,26.11609353226925],[-80.15938534238218,26.116069737958242],[-80.160122975914064,26.116283888876488]]]},"properties":{"OBJECTID":123,"DISTRICTID":null,"NAME":null,"AGENCY":"WM (Waste Management)","AGENCYURL":"https://gyr.fortlauderdale.gov/greener-government/recycling-waste-reduction/solid-waste-yard-waste-recycling-services/residential-curbside-pick-up-garbage-yard-waste-bulk-and-recycling","CONTACT":"Fort Lauderdale Customer Service","PHONE":"954-828-8000","EMAIL":"customerService@fortlauderdale.gov","SUBTYPEFIELD":7,"SCHEDULE":"Monthly","DESCRIPT":null,"MONDAY":"No","TUESDAY":"No","WEDNESDAY":"Yes","THURSDAY":"No","FRIDAY":"No","SATURDAY":"No","SUNDAY":"No","WEEKONE":"No","WEEKTWO":"Yes","WEEKTHREE":"No","WEEKFOUR":"No","BULKDAY":"2nd Wednesday","RECYCLDAY":null,"TRASHDAY":null,"YARDDAY":null,"DAY":"Wednesday","WEEK":"2nd","created_user":"CARLOSCR","created_date":1605713376000,"last_edited_user":"CARLOSCR","last_edited_date":1690747320000,"GlobalID":"{2D5FCD04-CB71-4492-86B8-8D03CE90ABA8}"}},{"type":"Feature","id":124,"geometry":{"type":"Polygon","coordinates":[[[-80.160368583711744,26.164237417196485],[-80.160368676580575,26.164237298595108],[-80.160368761748529,26.16423741733211],[-80.161746495072393,26.162474594996638],[-80.161987951393712,26.162010136003435],[-80.16253557052022,26.161196989298947],[-80.162639465272505,26.161040621669521],[-80.162741285270457,26.160883146138058],[-80.162841015343162,26.160724586990881],[-80.162938642352529,26.160564964013222],[-80.163034151121821,26.160404302393953],[-80.163127529513574,26.160242621923967],[-80.163218763345284,26.160079948700407],[-80.163307839467024,26.159916304313398],[-80.163394744709777,26.159751713060647],[-80.163479468918126,26.159586197452118],[-80.163561997929833,26.159419780877098],[-80.163642320570503,26.159252488547256],[-80.163720425685227,26.15908434296659],[-80.163796302106505,26.158915368444124],[-80.167081348897923,26.151471813310344],[-80.16710829819931,26.151410748466983],[-80.167137774013497,26.151344009135883],[-80.167224433349375,26.151342826870291],[-80.167224611386075,26.151342824289284],[-80.167812073376695,26.151334882188948],[-80.168282609837462,26.150143845568568],[-80.169020243114474,26.148359249715156],[-80.16937716217204,26.147193313354634],[-80.169686492476387,26.145599074283524],[-80.169710285912501,26.144290369447585],[-80.169710285883156,26.143314791336465],[-80.169591313762226,26.141982292017772],[-80.169496135083492,26.140721178278117],[-80.16944854611468,26.139721803582471],[-80.169424751175086,26.136580913880476],[-80.167045289596899,26.136580913953445],[-80.165213103909565,26.136628504123657],[-80.16273846311995,26.136628503467257],[-80.158907530004356,26.136580914474429],[-80.155885614193195,26.136533326053303],[-80.154553115644489,26.136580914391114],[-80.153922557685334,26.136557120365477],[-80.15397003391999,26.138230653296425],[-80.154065326072995,26.141589682197257],[-80.154372239152394,26.150142329087306],[-80.15442224492574,26.151535830870206],[-80.154469834653682,26.153843909547444],[-80.154422245213553,26.154438773753864],[-80.154412812098542,26.154561404954269],[-80.154398451513543,26.154748104338307],[-80.154392190314638,26.155883658943875],[-80.154441484485417,26.1559134488983],[-80.154556125255297,26.155982728446414],[-80.154592049188565,26.156024512108992],[-80.154626109856068,26.156067548462662],[-80.15465825375226,26.15611176769459],[-80.154688431352184,26.156157102723046],[-80.154716594163318,26.156203481959324],[-80.154742697712777,26.156250831130514],[-80.154766702527951,26.156299075992901],[-80.154788569129451,26.156348143205342],[-80.154808265083986,26.156397953149767],[-80.154825757951542,26.156448427110572],[-80.154841884296616,26.156495200520283],[-80.15485990201779,26.156541406462452],[-80.154879787530788,26.156586987031758],[-80.154901513315849,26.156631875273678],[-80.154925050774878,26.15667601505854],[-80.154950368341929,26.156719345726184],[-80.15497742844363,26.156761807483736],[-80.155006199468119,26.156803345988916],[-80.1603681875539,26.164236868814466],[-80.160368583711744,26.164237417196485]]]},"properties":{"OBJECTID":124,"DISTRICTID":null,"NAME":null,"AGENCY":"WM (Waste Management)","AGENCYURL":"https://gyr.fortlauderdale.gov/greener-government/recycling-waste-reduction/solid-waste-yard-waste-recycling-services/residential-curbside-pick-up-garbage-yard-waste-bulk-and-recycling","CONTACT":"Fort Lauderdale Customer Service","PHONE":"954-828-8000","EMAIL":"customerService@fortlauderdale.gov","SUBTYPEFIELD":7,"SCHEDULE":"Monthly","DESCRIPT":null,"MONDAY":"No","TUESDAY":"Yes","WEDNESDAY":"No","THURSDAY":"No","FRIDAY":"No","SATURDAY":"No","SUNDAY":"No","WEEKONE":"No","WEEKTWO":"No","WEEKTHREE":"Yes","WEEKFOUR":"No","BULKDAY":"3rd Tuesday","RECYCLDAY":null,"TRASHDAY":null,"YARDDAY":null,"DAY":"Tuesday","WEEK":"3rd","created_user":"CARLOSCR","created_date":1605713376000,"last_edited_user":"CARLOSCR","last_edited_date":1690747320000,"GlobalID":"{2FFAF8CB-A474-43E8-AA34-DF3AC5FE2BD1}"}},{"type":"Feature","id":127,"geometry":{"type":"Polygon","coordinates":[[[-80.169439054301165,26.106684338799315],[-80.169965224052859,26.106762290128483],[-80.173940421057594,26.106629783268705],[-80.174962093596207,26.106595727931872],[-80.175437986816604,26.106548138550238],[-80.176081010666834,26.106548138507652],[-80.176128030644776,26.106548138173356],[-80.176235940589123,26.106538889147085],[-80.177757072594218,26.106408506687902],[-80.177759537270759,26.106410455931794],[-80.179544134307292,26.106267687080763],[-80.18142390859245,26.10610112550777],[-80.184065110707579,26.105863179363038],[-80.184993100527535,26.1057680000524],[-80.185873501940989,26.105601438568385],[-80.185814015534547,26.103067311561372],[-80.179722593695672,26.103186285015781],[-80.179579824621513,26.099545708007266],[-80.179389468355424,26.095952722057987],[-80.177414514799167,26.096000311457221],[-80.176032851138444,26.096268864897372],[-80.176080440890971,26.095673999042834],[-80.176294592397866,26.094888776401248],[-80.176746689847633,26.094293912352054],[-80.177317760740664,26.093794223961435],[-80.178079188822792,26.09355627879966],[-80.179292713984324,26.093318332618164],[-80.18198150551558,26.092794850472071],[-80.185636202868494,26.09215409258767],[-80.185645875768458,26.0921523961274],[-80.18757324056773,26.092057217314572],[-80.192774582204379,26.091868077485028],[-80.192808056192305,26.091866860322867],[-80.196662783595201,26.091795476779104],[-80.198709121107953,26.091724092417731],[-80.198947067234769,26.09189065509252],[-80.199351576387812,26.091700297635374],[-80.199637112177186,26.091652708633426],[-80.200670053241097,26.091649131492797],[-80.200573720568627,26.091148644226255],[-80.200845076365766,26.088882046991035],[-80.20081269118495,26.088287438323139],[-80.200854577659584,26.08821850942455],[-80.200834208850296,26.08784292403805],[-80.20003667614192,26.087646616866405],[-80.199910054658702,26.08760303161047],[-80.198879719591972,26.087174531341265],[-80.198039320697205,26.086925588485215],[-80.197341810000736,26.086790512367468],[-80.19592962533855,26.086405827547285],[-80.195056041381633,26.085993687897155],[-80.195054192381278,26.085881311356587],[-80.195000383732221,26.085838047706336],[-80.194944987431214,26.085796450426795],[-80.194888067131387,26.085756565904525],[-80.194829686479423,26.085718441428803],[-80.194769914156254,26.085682118901286],[-80.194708816843558,26.085647640212617],[-80.194646464233543,26.085615045465005],[-80.194582929047613,26.085584370264666],[-80.194518281002132,26.085555651103725],[-80.194452597840197,26.085528920006077],[-80.194385951313791,26.08550420805981],[-80.194343879104593,26.085490089163066],[-80.194318418196886,26.085481542770545],[-80.194250075269409,26.085460950741574],[-80.194181002334403,26.085442454982712],[-80.194111276208503,26.085426076681966],[-80.194040977724711,26.085411834342128],[-80.194040977483596,26.085411869542646],[-80.194040799812299,26.085411833348331],[-80.194040961469852,26.085421649258411],[-80.194040963565712,26.085421781051515],[-80.194041120994441,26.085431338790819],[-80.193260701384958,26.085446194036152],[-80.193260577421213,26.085446196953484],[-80.193260399477865,26.085446200471619],[-80.193238173666657,26.085446623183937],[-80.193237995748063,26.085446623091734],[-80.1924215048099,26.085779904114872],[-80.190677432002289,26.086868698010502],[-80.189923777403877,26.087079327125544],[-80.189019970499359,26.087191145208049],[-80.18901992948787,26.087191149490589],[-80.188997377079389,26.087193951699124],[-80.188993199506044,26.087084389092617],[-80.188993050742269,26.087080449259869],[-80.188992871753399,26.087080459085108],[-80.18866731925624,26.087118719166686],[-80.188255995396787,26.087206078220404],[-80.188255479870904,26.087206187243797],[-80.188248679881994,26.087207632878869],[-80.188201396230113,26.087203351125435],[-80.188126672798958,26.087196585314111],[-80.188126642732328,26.087196596878872],[-80.188126494884116,26.087196584312977],[-80.188119854075367,26.087199297201426],[-80.188119559375153,26.087199417395645],[-80.188083591741162,26.087214111695253],[-80.188083124517661,26.087201862435236],[-80.188082308576753,26.087180469565109],[-80.188082131574248,26.087180481205603],[-80.185966732809703,26.087470240373104],[-80.185917266560637,26.087477016080413],[-80.185238018316241,26.087570056404939],[-80.184457894607192,26.087595106438325],[-80.184091988889861,26.087331294092508],[-80.184057932263684,26.086627898167119],[-80.184215684316598,26.086238632117407],[-80.184449670351427,26.085661253969622],[-80.184445721479364,26.085538056833386],[-80.184442591324128,26.085440371208808],[-80.184415386638463,26.085436776683203],[-80.184415122925373,26.085436752627285],[-80.18438695065278,26.085433018138009],[-80.184386858623185,26.085433028449106],[-80.18438677274078,26.085433017132313],[-80.182871549335829,26.085602355875459],[-80.182918052840066,26.086617114017194],[-80.182660159151297,26.087120348958287],[-80.182649013909611,26.087142097406083],[-80.182621830517277,26.087145173852495],[-80.182422290506764,26.087167760274824],[-80.182434336915193,26.087430449395811],[-80.182435640780071,26.087458866450891],[-80.182436254617912,26.087472084147468],[-80.182436261704595,26.08747221506616],[-80.182436296866669,26.08747319640306],[-80.181256503149257,26.087462848852262],[-80.181256326240145,26.087462846945737],[-80.181314536029305,26.088733418028369],[-80.181303852253421,26.088744240174218],[-80.181282007512422,26.088766370970223],[-80.181149869063105,26.088900202042655],[-80.181066910279242,26.088984224508959],[-80.181052926901515,26.088999635730417],[-80.181052829192623,26.088999743488998],[-80.181050857903173,26.089001915713197],[-80.181036485864311,26.089020747424435],[-80.181023895002525,26.089040592947612],[-80.18101317424518,26.089061313785987],[-80.181004397551902,26.08908276774747],[-80.180997622946492,26.089104804425919],[-80.180992898451294,26.089127274260935],[-80.18099025714595,26.089150020386374],[-80.180989718116621,26.089172885856577],[-80.180989211575579,26.089202427215589],[-80.180987930880207,26.089215670261847],[-80.18098636277891,26.089231860503773],[-80.180981190765948,26.089261035093127],[-80.180973721579193,26.089289799492764],[-80.18096399021303,26.089318008580715],[-80.180952049660036,26.089345516434534],[-80.180937958878701,26.089372181678552],[-80.180921791783206,26.089397868437679],[-80.180903632251812,26.089422445406306],[-80.180883570135236,26.089445784923242],[-80.180861711201686,26.089467770248863],[-80.180838165211455,26.089488285568905],[-80.180813053844261,26.089507225968095],[-80.180786506700954,26.089524497407432],[-80.180759142334409,26.089540987956493],[-80.180758954628502,26.089541100619471],[-80.18072530047948,26.089561383414541],[-80.180333152124433,26.089797713990382],[-80.18025465821637,26.089845019684152],[-80.180254317931286,26.089845224448307],[-80.180249780742102,26.08984796245942],[-80.180249618136969,26.089848059017381],[-80.180241637944732,26.089852868812045],[-80.180215110738857,26.089870124911393],[-80.180190017296155,26.08988904905269],[-80.180166488229844,26.08990954539961],[-80.180144640222665,26.089931509010643],[-80.180124588015218,26.089954826809759],[-80.180106433398365,26.089979379329062],[-80.18009026721235,26.090005040720136],[-80.180076175343942,26.090031678788126],[-80.180073376481403,26.090036989182302],[-80.180073240749607,26.09003724565472],[-80.180061766729381,26.090059015479618],[-80.180045309644839,26.090085393689172],[-80.180026884927429,26.090110688412786],[-80.180020425181723,26.090118350959948],[-80.180020191337078,26.090118629439896],[-80.180017953769791,26.090121282129196],[-80.180017805603626,26.090121458198578],[-80.180016129425624,26.090123447952532],[-80.180016103217284,26.090123479394911],[-80.180011283350197,26.090129197111885],[-80.180010010349449,26.090130707163649],[-80.180007048088171,26.090134219531393],[-80.180006577393826,26.090134777376782],[-80.179984485753934,26.09015755282832],[-80.179982769727701,26.090159092855643],[-80.179960710773614,26.090178898902643],[-80.179935367067984,26.090198720573778],[-80.179908575249726,26.090216922849933],[-80.179880459879598,26.090233417982581],[-80.179851156438104,26.090248129116819],[-80.179820802348488,26.090260987532137],[-80.179789540987429,26.09027193086045],[-80.179757520654036,26.090280907592927],[-80.179724892589562,26.090287874361184],[-80.179691810933335,26.090292802255128],[-80.179684796120085,26.090293622555887],[-80.179683605640975,26.090293762009555],[-80.179393282614129,26.090327785672738],[-80.179392564323052,26.090327870042803],[-80.179386724980034,26.090328552597597],[-80.179381883015452,26.090329121680888],[-80.17935961305578,26.090331728106552],[-80.179334777409437,26.09033558810064],[-80.179310379742532,26.090341287392796],[-80.179286587255262,26.090348787219511],[-80.179263563218981,26.090358038866391],[-80.179241464034348,26.090368975527856],[-80.179220442148164,26.090381524057598],[-80.17920064010633,26.090395597713957],[-80.179182193502299,26.090411103397454],[-80.179165230053002,26.09042793081429],[-80.179163508624782,26.090429956404847],[-80.179163092385764,26.090430445056242],[-80.179149863507135,26.090445965980724],[-80.179136201666751,26.090465087658355],[-80.179132349765936,26.090471604246197],[-80.179131939087441,26.090472298724166],[-80.179124335417427,26.090485163681166],[-80.179083272963098,26.090562141069963],[-80.179081088266102,26.09056623731777],[-80.178951266480794,26.090809601195609],[-80.178940302151361,26.090827764288662],[-80.178939070385923,26.090829378365246],[-80.178936834567651,26.090832347862744],[-80.178936498605253,26.090832791839834],[-80.178935011496534,26.090834756480888],[-80.178934713857217,26.090835151935167],[-80.178927379174937,26.090844845738381],[-80.178916487978952,26.090856540242445],[-80.178912632687826,26.090860674817492],[-80.178901982844039,26.090870013077701],[-80.178896194796522,26.090875085294577],[-80.178878246384045,26.090887940099325],[-80.178868933549055,26.090893331634103],[-80.178858962305,26.090899106640212],[-80.178856602706915,26.090900189880355],[-80.178856194566634,26.090900377105282],[-80.178847829196329,26.090904214322112],[-80.178847597550316,26.090904320414129],[-80.178838537247699,26.0909084750039],[-80.17883475153144,26.090909801954279],[-80.178823805275442,26.090913630797424],[-80.17881717579543,26.090915949775201],[-80.178814654433822,26.090916578983855],[-80.178812401462181,26.090917136608788],[-80.178795093394356,26.090921454555733],[-80.178784432288865,26.090923097093306],[-80.178782562029937,26.090923387016062],[-80.178781729477322,26.090923514960455],[-80.178780465633039,26.09092370995068],[-80.178772511286581,26.090924941863619],[-80.178761088996865,26.09092565308638],[-80.178760911994459,26.090925663812712],[-80.178757897923873,26.090925850644712],[-80.178749832727036,26.090926351714192],[-80.178749655756121,26.090926357927653],[-80.178534739526981,26.090929971414141],[-80.178534561562813,26.090929976719043],[-80.178496280629574,26.090931495358582],[-80.178496103627126,26.090931506084573],[-80.178457778478389,26.090934775524619],[-80.178420469411932,26.090939690782474],[-80.17842042335694,26.090939701351498],[-80.178419686019666,26.090939792829058],[-80.178381923262378,26.090946550427034],[-80.178344586369832,26.090955019080425],[-80.178309254709433,26.090964767311629],[-80.178307771455053,26.090965176771657],[-80.178236455544365,26.090986653425443],[-80.178035002862671,26.091047320079163],[-80.177998402164249,26.091057426559487],[-80.177961285365313,26.091065860262059],[-80.177923747582454,26.091072599163279],[-80.177885880895928,26.091077626638025],[-80.177868063357948,26.091079173266095],[-80.177867175181703,26.091079250342048],[-80.177857091188272,26.091080124368283],[-80.177851005015754,26.091080647496685],[-80.177850565922242,26.091080686514406],[-80.177847960329203,26.091080923493429],[-80.177847783313879,26.091080936023772],[-80.177809726924323,26.091082499084877],[-80.17780954895359,26.09108250529146],[-80.177454322315313,26.091089037997097],[-80.17745414535041,26.091089043306379],[-80.177426467278423,26.091090240310173],[-80.17742557237645,26.091090278532842],[-80.177425394393083,26.091090286544116],[-80.177412458758255,26.091090846418485],[-80.177412283748296,26.091090858057118],[-80.177406076268241,26.091091431923754],[-80.177401630185784,26.091091846143026],[-80.177381926396237,26.091093680719151],[-80.17738140526987,26.091093729196349],[-80.177370592639278,26.091094736230328],[-80.177369239812123,26.091094933408527],[-80.17736692443755,26.091095265002519],[-80.177364529004123,26.091095609679094],[-80.177362390733322,26.091095916107228],[-80.177329203886273,26.091100689409391],[-80.177310251703744,26.091104393955256],[-80.177308281826669,26.091104777162066],[-80.177301078937134,26.091106182066547],[-80.177300726602425,26.091106250460836],[-80.17729628233532,26.091107119602331],[-80.177292498719467,26.09110785711982],[-80.177291312583677,26.091108088644432],[-80.177290197523405,26.091108305230037],[-80.17728824064038,26.091108688510641],[-80.177279890559333,26.09111075931586],[-80.177278590842832,26.09111108045358],[-80.177275091190054,26.091111949565761],[-80.177273716374557,26.091112289229969],[-80.177265892985417,26.091114230354442],[-80.177264590257565,26.091114553280075],[-80.177259503511493,26.091115814099318],[-80.177258126684151,26.091116155557096],[-80.177252953818623,26.091117438450183],[-80.177252104689586,26.091117649331213],[-80.177247825015357,26.091118709860442],[-80.177246215262841,26.091119197115059],[-80.177245941797977,26.091119279498137],[-80.177243125983622,26.091120131749495],[-80.177241850813829,26.091120516209518],[-80.177232050084044,26.091123478640252],[-80.177231929872633,26.091123515864275],[-80.177227636543023,26.091124813701288],[-80.177208082174204,26.09113072258171],[-80.176901456585384,26.091231962088695],[-80.176867684025368,26.091242005887846],[-80.17683326071581,26.0912500511993],[-80.17679833283313,26.091256064557566],[-80.176763044447384,26.091260027829652],[-80.176727725703614,26.091261901379358],[-80.176727549738004,26.091261906693433],[-80.176692170506158,26.091261711108764],[-80.176691992623574,26.09126170467794],[-80.176689186028256,26.091261524385935],[-80.176688324767113,26.091261468924646],[-80.176688148921556,26.091261457089779],[-80.176683900558416,26.091261184626891],[-80.176683723700663,26.091261174591462],[-80.176678510167108,26.091260839755797],[-80.176656699858796,26.091259438089768],[-80.176656525012802,26.091259426260589],[-80.176460950968661,26.091241100802026],[-80.176405022467534,26.091235857787581],[-80.176404844629261,26.091235845038387],[-80.176400835161104,26.091235573931012],[-80.176400658322379,26.091235561187524],[-80.176399301504546,26.091235471304067],[-80.176372673788023,26.091233695490779],[-80.176372495905539,26.09123368905955],[-80.176340241039298,26.091233261203413],[-80.176340063093591,26.091233263797918],[-80.176322620267925,26.091233967531331],[-80.176321123450549,26.091234028486166],[-80.176320946472799,26.091234035599189],[-80.176318844761568,26.091234116568192],[-80.176318666784269,26.091234123675495],[-80.176315581285422,26.091234231521408],[-80.176312866519595,26.091234355925707],[-80.176312689535536,26.091234363941297],[-80.176310964731613,26.091234436230845],[-80.176310787760173,26.091234442441301],[-80.176307839105263,26.091234564607486],[-80.176307661159555,26.09123456720193],[-80.176304682436864,26.091234843542551],[-80.17629960716593,26.091235320025728],[-80.17629680246651,26.091235582918067],[-80.176275388203621,26.091237579071727],[-80.17627470266288,26.091237696107033],[-80.176271383568334,26.091238188032325],[-80.176243387888107,26.091242339039876],[-80.176211746596749,26.091248787125011],[-80.175925312415075,26.091315250376894],[-80.175925278983328,26.0913141724706],[-80.175841757055196,26.088532726261111],[-80.17673538476032,26.088533840539206],[-80.176735421742933,26.088533840750241],[-80.176735599665591,26.088533840862919],[-80.17674807419904,26.088533855180422],[-80.176748112181187,26.088533855397156],[-80.176748290103859,26.08853385550978],[-80.17674859095608,26.088533858129104],[-80.176748768872457,26.088533859144331],[-80.176737100652332,26.088147375450351],[-80.176736921718074,26.088147377137165],[-80.176736295881653,26.088147392520845],[-80.176736116928467,26.088147396915371],[-80.176736074942013,26.088147397578393],[-80.175168426934007,26.088185994180563],[-80.175168395021004,26.088184985783368],[-80.175154733078571,26.087702953036796],[-80.175154556846181,26.087702997159745],[-80.175154555163545,26.087702952019654],[-80.175153424620532,26.087703242514781],[-80.175153382564645,26.087703253105687],[-80.17414598206652,26.087962734607011],[-80.174145964051178,26.087962025955573],[-80.174133638885294,26.087411620945062],[-80.174133461640793,26.087411666866203],[-80.174133460970737,26.087411619926655],[-80.172174728963682,26.087915399048111],[-80.172154009489716,26.087920727409177],[-80.172046402560881,26.087948403115167],[-80.171997041686723,26.087961098457633],[-80.171615583859975,26.088059200362885],[-80.171615275396221,26.088059285242242],[-80.1716152002857,26.088059305570994],[-80.1711143802994,26.088188104461878],[-80.171116833975404,26.088287591470401],[-80.16958256930738,26.088682164402673],[-80.169580729756689,26.088682637612713],[-80.169405341594299,26.088727741367951],[-80.169398736636666,26.08843776922166],[-80.168451146490114,26.088637261556215],[-80.168465496527347,26.089139531210421],[-80.168473982688866,26.089436529244836],[-80.168474942076628,26.089470072992366],[-80.168593914763292,26.091207079964132],[-80.168605426782889,26.0913653735137],[-80.16867344352454,26.092300612005804],[-80.16868909291189,26.092515783746613],[-80.168720228776536,26.092754496281461],[-80.168763112417764,26.09308326741154],[-80.168831861317486,26.093610336158218],[-80.168932969226645,26.096340249199145],[-80.168950834767145,26.096822609016364],[-80.16882559514481,26.09697434231234],[-80.168792509615059,26.097014426904931],[-80.168806898298541,26.097446089758524],[-80.168830322284563,26.097844315212559],[-80.168878281957149,26.098659615288604],[-80.168878281357877,26.101514968590582],[-80.168869449099873,26.102014042150174],[-80.168832525395942,26.104100233678583],[-80.16883069377451,26.104203761123678],[-80.168677140625888,26.106670863718531],[-80.169322769272085,26.106667111583604],[-80.169439054301165,26.106684338799315]]]},"properties":{"OBJECTID":127,"DISTRICTID":null,"NAME":null,"AGENCY":"WM (Waste Management)","AGENCYURL":"https://gyr.fortlauderdale.gov/greener-government/recycling-waste-reduction/solid-waste-yard-waste-recycling-services/residential-curbside-pick-up-garbage-yard-waste-bulk-and-recycling","CONTACT":"Fort Lauderdale Customer Service","PHONE":"954-828-8000","EMAIL":"customerService@fortlauderdale.gov","SUBTYPEFIELD":7,"SCHEDULE":"Monthly","DESCRIPT":null,"MONDAY":"No","TUESDAY":"No","WEDNESDAY":"Yes","THURSDAY":"No","FRIDAY":"No","SATURDAY":"No","SUNDAY":"No","WEEKONE":"Yes","WEEKTWO":"No","WEEKTHREE":"No","WEEKFOUR":"No","BULKDAY":"1st Wednesday","RECYCLDAY":null,"TRASHDAY":null,"YARDDAY":null,"DAY":"Wednesday","WEEK":"1st","created_user":"CARLOSCR","created_date":1605713376000,"last_edited_user":"CARLOSCR","last_edited_date":1690747320000,"GlobalID":"{91904DF9-8B89-4BA6-928F-E4C1102B159E}"}},{"type":"Feature","id":128,"geometry":{"type":"MultiPolygon","coordinates":[[[[-80.123019437222055,26.20381634181491],[-80.123073253906043,26.203820827269798],[-80.126652194766535,26.203650400427335],[-80.127376505217228,26.203735613612853],[-80.131764969626488,26.203650400967362],[-80.132213677961801,26.203759271485527],[-80.132211112238082,26.203663771102629],[-80.132207113185345,26.203514500251202],[-80.132200028804675,26.203250476354686],[-80.132192945444785,26.202986451552526],[-80.132176283862222,26.202365363309742],[-80.132175963097652,26.202352893006129],[-80.132174870360473,26.202312698625377],[-80.132159186587273,26.201728288432403],[-80.132089855612449,26.199143442264184],[-80.132077550675461,26.198684702630644],[-80.132060609372743,26.19805337156339],[-80.132034965479036,26.197097666630789],[-80.131915035102395,26.192625938244472],[-80.131914855009384,26.192625939865607],[-80.129846190167385,26.192665885363621],[-80.129787805421714,26.191012417490924],[-80.129754767310899,26.190077496880829],[-80.129754588222255,26.190077498505389],[-80.129754516181265,26.190077499874835],[-80.126712317194787,26.190136747748088],[-80.126712284966615,26.190135300700756],[-80.126673414854352,26.189054296246489],[-80.126673236767701,26.189054297873344],[-80.126673203748666,26.189054298575506],[-80.12464466978841,26.189093978079615],[-80.124642774514243,26.189041438530836],[-80.124639643523068,26.188954659842839],[-80.124581210917327,26.187327642380058],[-80.124581032840098,26.187327643101838],[-80.124580818722976,26.187327647214705],[-80.12256121583323,26.187369254901945],[-80.122561126787872,26.187369256164114],[-80.122620740332394,26.189089684672169],[-80.122623192650366,26.189148137782517],[-80.122930070513078,26.19646601586815],[-80.122930316528269,26.196486196542164],[-80.123019437222055,26.20381634181491]]],[[[-80.171833135137376,26.209793648771026],[-80.17183317612897,26.2097947844704],[-80.171838206917201,26.209936620893853],[-80.171838208566982,26.209936670546018],[-80.171838703839569,26.20993667430087],[-80.171840245969946,26.209936646175514],[-80.171840741319173,26.209936639099681],[-80.173210355457499,26.209913164857486],[-80.173210850806683,26.209913157776906],[-80.173316412116591,26.209910247241471],[-80.173421870862612,26.209905140929681],[-80.17352717100087,26.209897839422165],[-80.173632256462014,26.209888346909928],[-80.173737070169778,26.209876668480913],[-80.173841557036383,26.209862811039919],[-80.173945662974674,26.209846781497564],[-80.174049328888373,26.209828587638494],[-80.174152502666189,26.209808239995439],[-80.17425512818825,26.209785749980821],[-80.174357150341834,26.209761128110355],[-80.174458515989954,26.20973438852177],[-80.174559169994694,26.209705545341262],[-80.174659057205531,26.209674614500468],[-80.17475812948247,26.20964161106868],[-80.174856327654084,26.209606553662439],[-80.175150702240686,26.20949789666011],[-80.175248902181735,26.209462838990888],[-80.175347971115087,26.209429836028857],[-80.175447858902842,26.20939890373154],[-80.175548512386541,26.209370060747055],[-80.175649875444421,26.209343320291165],[-80.175751896951283,26.209318696510884],[-80.17585452176715,26.209296205335722],[-80.175957693796164,26.209275856371541],[-80.176061358918275,26.209257662846138],[-80.176165462070131,26.209241629858685],[-80.17626994813142,26.209227770631507],[-80.176374761038446,26.209216090258415],[-80.176479844708552,26.209206596540977],[-80.176585143097284,26.209199291865588],[-80.176690601129025,26.209194183137349],[-80.176795665386578,26.209191283434762],[-80.1767961607773,26.20919127002383],[-80.183399977587811,26.209077732513887],[-80.183400472940164,26.20907772449554],[-80.183485501217177,26.209077237906719],[-80.183485996531729,26.20907723530344],[-80.183571011163536,26.209078704511562],[-80.18357150539569,26.209078713635613],[-80.183656945525073,26.209082156477773],[-80.1837422618934,26.209087563517798],[-80.183827397498206,26.209094930822072],[-80.183912296337567,26.209104254462822],[-80.183996903447877,26.209115525102703],[-80.184081165828673,26.209128738831176],[-80.184165026521356,26.209143885397239],[-80.184248432563081,26.209160955475266],[-80.184331329002433,26.209179937923274],[-80.184413661894695,26.209200820702506],[-80.184495378308114,26.20922358997489],[-80.18457642432287,26.209248230091628],[-80.184656748007527,26.209274727220524],[-80.184736297468234,26.209303062114191],[-80.184815019804006,26.209333216422063],[-80.184910973638779,26.209370107850962],[-80.185007834873602,26.20940501774561],[-80.185105553614633,26.209437925964231],[-80.185204078935783,26.209468816872384],[-80.18530335892909,26.209497672122378],[-80.185403342642971,26.209524479690181],[-80.185503979169624,26.209549221234052],[-80.185605213523473,26.209571889220395],[-80.185706995784415,26.209592467118462],[-80.185809269965915,26.209610947389265],[-80.185911985103118,26.209627319814604],[-80.186015089224114,26.209641575073348],[-80.186118524347236,26.209653704713013],[-80.186222240457582,26.209663705741981],[-80.186236224545624,26.209664764192045],[-80.186326183575574,26.209671569730826],[-80.186430296675951,26.209677294551092],[-80.18653403255685,26.209680860860271],[-80.186534528736729,26.209680878108532],[-80.186638327509328,26.209682307350747],[-80.186638821763395,26.209682313756613],[-80.186697577020709,26.209681915862028],[-80.186698072344356,26.209681912345193],[-80.186698222441677,26.209681911388877],[-80.186698717765339,26.209681907872024],[-80.186742630360641,26.209681610144493],[-80.186743125684302,26.20968160662747],[-80.188269521706758,26.209655533955942],[-80.188270017061697,26.209655525920883],[-80.188269983789723,26.209654408318809],[-80.188256510321651,26.209207599416914],[-80.188263462612042,26.20920743828356],[-80.195550226432189,26.209037910517285],[-80.195550721803357,26.209037899749394],[-80.195550720162117,26.209037847389553],[-80.195550714802437,26.209037608171261],[-80.195550656822448,26.209032214827413],[-80.195489699644966,26.203168050906115],[-80.195490238864906,26.203168062045606],[-80.195533336671204,26.20084569301126],[-80.187877727363286,26.201028938938517],[-80.18799989155994,26.205711891560544],[-80.187938808720716,26.205711891471999],[-80.180975461505824,26.205874777495669],[-80.179977789511412,26.206180186549833],[-80.171650278014823,26.206119104711888],[-80.171752081752658,26.209519335833726],[-80.171795589731261,26.209794889330681],[-80.171833106860959,26.209792837176138],[-80.171833135137376,26.209793648771026]]],[[[-80.151352339089541,26.195986600794605],[-80.151294890192176,26.195987460523202],[-80.151291820763589,26.195993250599585],[-80.151288107591,26.195993303608379],[-80.150310862172532,26.197837268383648],[-80.150068393016412,26.198346707784705],[-80.151807218827557,26.198317235411313],[-80.15557628520294,26.198260128947684],[-80.159611852311102,26.198222057923587],[-80.159630888571328,26.19679438032037],[-80.159516674471391,26.195785488522628],[-80.159478602396049,26.194338775981773],[-80.159364388103029,26.188418676074502],[-80.158176857503392,26.188429671402798],[-80.155252678136776,26.188456747124587],[-80.155072163955722,26.188321361339316],[-80.155069359340345,26.188324474164656],[-80.155063933448901,26.188328860501979],[-80.155060434590808,26.188331689446173],[-80.155050369104387,26.188337554065434],[-80.155039407027161,26.188341923235654],[-80.155033206769701,26.188343403183705],[-80.155027823256532,26.188344688454446],[-80.155015900400031,26.188345781881559],[-80.153020261379282,26.188386484773538],[-80.153019746094984,26.188386494376669],[-80.153019742734884,26.188386543999574],[-80.153018489790114,26.18839227441433],[-80.153013478961,26.188392376697063],[-80.153012960662508,26.188392388087614],[-80.151352339089541,26.195986600794605]]]]},"properties":{"OBJECTID":128,"DISTRICTID":null,"NAME":null,"AGENCY":"WM (Waste Management)","AGENCYURL":"https://gyr.fortlauderdale.gov/greener-government/recycling-waste-reduction/solid-waste-yard-waste-recycling-services/residential-curbside-pick-up-garbage-yard-waste-bulk-and-recycling","CONTACT":"Fort Lauderdale Customer Service","PHONE":"954-828-8000","EMAIL":"customerService@fortlauderdale.gov","SUBTYPEFIELD":7,"SCHEDULE":"Monthly","DESCRIPT":null,"MONDAY":"No","TUESDAY":"No","WEDNESDAY":"Yes","THURSDAY":"No","FRIDAY":"No","SATURDAY":"No","SUNDAY":"No","WEEKONE":"No","WEEKTWO":"No","WEEKTHREE":"No","WEEKFOUR":"Yes","BULKDAY":"4th Wednesday","RECYCLDAY":null,"TRASHDAY":null,"YARDDAY":null,"DAY":"Wednesday","WEEK":"4th","created_user":"CARLOSCR","created_date":1605713376000,"last_edited_user":"CARLOSCR","last_edited_date":1690747321000,"GlobalID":"{F434F48F-BA0C-42CE-8520-0D1E8708123C}"}},{"type":"Feature","id":129,"geometry":{"type":"MultiPolygon","coordinates":[[[[-80.136590099313707,26.092786706631156],[-80.136961324375505,26.107658924877402],[-80.136978290921789,26.107658626569297],[-80.136994607555209,26.107658340616421],[-80.137932715625467,26.107641737124766],[-80.145060982347317,26.107515573232138],[-80.147190601316794,26.107432291112094],[-80.1532537030984,26.107337184174661],[-80.153218888830267,26.104499760941948],[-80.153164688891323,26.100082472233762],[-80.153163049869804,26.099948885214129],[-80.153047631179462,26.097169963956805],[-80.152853719482195,26.092501169907319],[-80.151782961424544,26.092596348927074],[-80.15064082008486,26.092643937657236],[-80.142050963250739,26.09271532121701],[-80.140290161045499,26.084292028266113],[-80.1394335555661,26.081460468600532],[-80.139770368265005,26.081372572856338],[-80.139741440160464,26.081236184641575],[-80.139715738976619,26.081109302941144],[-80.139692381375298,26.080982051599747],[-80.139671374081288,26.080854466762712],[-80.139652722833063,26.080726582764083],[-80.139636432349732,26.080598436639583],[-80.139622508363004,26.080470063625626],[-80.139610953606223,26.080341498940644],[-80.139601771812053,26.080212777808914],[-80.139594965700496,26.080083937253765],[-80.139590537011927,26.079955011584772],[-80.139588484475098,26.079826036898613],[-80.139588813821575,26.079697048431033],[-80.139591521761403,26.079568084974284],[-80.139596607049796,26.079439179014468],[-80.139604068408985,26.079310367550374],[-80.139613905573881,26.079181685781535],[-80.139626114275046,26.079053169786082],[-80.139640691242576,26.078924855647994],[-80.139657633213218,26.078796778548593],[-80.139676934918256,26.078668974559712],[-80.139693619534995,26.07857076042534],[-80.139698590102967,26.078541477942004],[-80.139722594498252,26.078414324773043],[-80.139745419804271,26.078304490082374],[-80.139745534752393,26.078303941983403],[-80.139748940836867,26.078287551112453],[-80.139777620878633,26.078161189403495],[-80.139808627343342,26.07803527751074],[-80.139820990023324,26.077986978757735],[-80.141733988393995,26.070512473446644],[-80.141733810493321,26.070512474194068],[-80.141421669264503,26.070514677800578],[-80.141421491357249,26.070514679450184],[-80.141420751772287,26.070514682271899],[-80.141420573891352,26.070514680311206],[-80.139953651216672,26.07624192770982],[-80.139043905254951,26.079793527348063],[-80.138950161798832,26.079793979855186],[-80.13894998489026,26.079793979702206],[-80.138477803093409,26.081637248002817],[-80.13847776913984,26.08163738048307],[-80.138475393402516,26.081646652299142],[-80.136305570472473,26.081659589768218],[-80.136274565467431,26.081659774256014],[-80.136274387550074,26.081659774996279],[-80.136259295346321,26.081659866985778],[-80.136259117422355,26.081659868628588],[-80.136257823027279,26.081659873517172],[-80.136257645116544,26.081659873354869],[-80.136430956683341,26.087817215351865],[-80.136431195226749,26.08782570576961],[-80.13643158121279,26.087839573881404],[-80.136431716981988,26.087844499301045],[-80.13644293761925,26.088243129265816],[-80.136442990065248,26.088244971794257],[-80.13644310135669,26.088248874416919],[-80.136444904441973,26.088313027850742],[-80.136465018718269,26.089027375943175],[-80.136465823636712,26.089055935534208],[-80.136466276771415,26.089072094854046],[-80.136466327952306,26.089074109772042],[-80.136466330989748,26.089074240667767],[-80.136471180926364,26.089246492813849],[-80.136494920068202,26.089812378793397],[-80.136590099313707,26.092786706631156]]],[[[-80.179579824621513,26.099545708007266],[-80.179722593695672,26.103186285015781],[-80.185814015534547,26.103067311561372],[-80.185636202868494,26.09215409258767],[-80.18198150551558,26.092794850472071],[-80.179292713984324,26.093318332618164],[-80.178079188822792,26.09355627879966],[-80.177317760740664,26.093794223961435],[-80.176746689847633,26.094293912352054],[-80.176294592397866,26.094888776401248],[-80.176080440890971,26.095673999042834],[-80.176032851138444,26.096268864897372],[-80.177414514799167,26.096000311457221],[-80.179389468355424,26.095952722057987],[-80.179579824621513,26.099545708007266]]]]},"properties":{"OBJECTID":129,"DISTRICTID":null,"NAME":null,"AGENCY":"WM (Waste Management)","AGENCYURL":"https://gyr.fortlauderdale.gov/greener-government/recycling-waste-reduction/solid-waste-yard-waste-recycling-services/residential-curbside-pick-up-garbage-yard-waste-bulk-and-recycling","CONTACT":"Fort Lauderdale Customer Service","PHONE":"954-828-8000","EMAIL":"customerService@fortlauderdale.gov","SUBTYPEFIELD":7,"SCHEDULE":"Monthly","DESCRIPT":null,"MONDAY":"No","TUESDAY":"No","WEDNESDAY":"No","THURSDAY":"No","FRIDAY":"Yes","SATURDAY":"No","SUNDAY":"No","WEEKONE":"Yes","WEEKTWO":"No","WEEKTHREE":"No","WEEKFOUR":"No","BULKDAY":"1st Friday","RECYCLDAY":null,"TRASHDAY":null,"YARDDAY":null,"DAY":"Friday","WEEK":"1st","created_user":"CARLOSCR","created_date":1605713376000,"last_edited_user":"CARLOSCR","last_edited_date":1690747319000,"GlobalID":"{4EAE636A-FD7F-457B-82C4-11DB9539E359}"}},{"type":"Feature","id":130,"geometry":{"type":"Polygon","coordinates":[[[-80.115961221251212,26.162561661796811],[-80.115794659362166,26.163227911544297],[-80.115723275395652,26.164251079691009],[-80.115866043271708,26.16529804281458],[-80.116199167548615,26.166083264856692],[-80.116722649501767,26.166963665340131],[-80.11708674749751,26.167193180223006],[-80.117086094016983,26.167192294383661],[-80.121186033919344,26.167089519454564],[-80.121186211992764,26.167089515126008],[-80.121940693375052,26.16707058898518],[-80.121940871428151,26.167070587363355],[-80.12194087060017,26.167069095373563],[-80.121940856322794,26.166989806181352],[-80.121940508527146,26.166319229547582],[-80.121940493041635,26.166310479724515],[-80.121940409252204,26.166142845278504],[-80.121940231220776,26.166142844192727],[-80.121939282046498,26.16614283930647],[-80.121939091012777,26.166142838141383],[-80.121925227566024,26.166142753590073],[-80.121925227731296,26.166141262508756],[-80.121925292805088,26.165984470002364],[-80.121925920826783,26.16456670620661],[-80.121925508557254,26.164566463602732],[-80.121925076372321,26.164566209143718],[-80.121488022077187,26.164304851043156],[-80.121057561628035,26.164047423874948],[-80.121056125759523,26.164046566672734],[-80.121043606548213,26.164038115093081],[-80.121030979525074,26.164027367561918],[-80.121019786985656,26.164015394040693],[-80.121010176796403,26.164002349775746],[-80.121002271711305,26.163988404301541],[-80.120996175399995,26.163973737867146],[-80.120991965446649,26.163958541393402],[-80.120989698391412,26.163943011088172],[-80.120986656086401,26.163919621691452],[-80.120981409933137,26.163896552799052],[-80.12097399467315,26.163873973407696],[-80.120964467078522,26.163852049037988],[-80.120952896950115,26.163830941679773],[-80.120939369165484,26.163810803486292],[-80.120920356933979,26.163783240477681],[-80.12090327869879,26.163754663929979],[-80.120888200630205,26.163725186169327],[-80.12087517788305,26.163694921259737],[-80.120864262591226,26.163663985954443],[-80.120855496880125,26.163632497848123],[-80.120848914826382,26.163600580804346],[-80.120843861498471,26.16356674064437],[-80.120841188208487,26.16354883313554],[-80.120835641738282,26.16349685778604],[-80.120834667175629,26.163481700017325],[-80.12083228685978,26.163444728838503],[-80.120831125988545,26.163392523930685],[-80.120832162560532,26.163340317998767],[-80.120835393024223,26.163288184130902],[-80.120840812807614,26.163236198116763],[-80.120848416338632,26.16318443573978],[-80.120858192057923,26.163132970941529],[-80.120870124412292,26.163081876736605],[-80.120884196821549,26.163031229743474],[-80.120900390752581,26.16298110025058],[-80.12091867864406,26.162931562101441],[-80.120939039962877,26.162882685572093],[-80.120939688538783,26.162881291416095],[-80.120961440160542,26.162834542658103],[-80.120975217938181,26.162803842050483],[-80.120986813710587,26.162772417780118],[-80.120996180552382,26.162740392313683],[-80.121003281478835,26.162707896301754],[-80.12100808650645,26.16267506043755],[-80.121010577667093,26.162642013682412],[-80.121010744939724,26.162608892266764],[-80.121008588338682,26.162575827969224],[-80.121004113872345,26.162542953507508],[-80.120997340564543,26.162510399873536],[-80.120988298427037,26.162478299931312],[-80.120977830669872,26.162449048893091],[-80.120977020519291,26.162446780245194],[-80.120976399969408,26.162445370217664],[-80.120963552895745,26.162415968361433],[-80.120947949632139,26.162385989167333],[-80.120930272845683,26.162356962183729],[-80.120910594695474,26.162329001577067],[-80.120888995327945,26.16230222336776],[-80.120865558964283,26.162276733672464],[-80.120840380867548,26.162252633259783],[-80.120813561308012,26.162230022026211],[-80.12078520865154,26.16220898728147],[-80.120755437257799,26.162189617274425],[-80.120724365595024,26.162171985837613],[-80.120718529951887,26.162169124184384],[-80.120699258229081,26.162159667372833],[-80.12069212013904,26.162156165950012],[-80.120658828433321,26.16214222157117],[-80.12062462508969,26.162130207678047],[-80.120589645767339,26.162120172935879],[-80.120554033187176,26.162112157929894],[-80.120517930137567,26.162106194219884],[-80.120481480467944,26.162102305248926],[-80.120481302442712,26.1621023041615],[-80.120444831021146,26.162100515381113],[-80.120444653036571,26.162100508878353],[-80.120408129951656,26.162100807469475],[-80.12040795191291,26.162100808187084],[-80.120371522183234,26.162103195035581],[-80.120371345049833,26.162103208394949],[-80.120334980615297,26.162107690550165],[-80.120299002702268,26.162114245604702],[-80.120263557559838,26.162122843764209],[-80.120214432289117,26.162143113691908],[-80.120164360696307,26.162161401142519],[-80.120113441081983,26.162177668806976],[-80.120061772713143,26.162191883895158],[-80.120009456789532,26.162204022654766],[-80.119956596552029,26.162214055930647],[-80.119903296133316,26.162221969014698],[-80.119849659652687,26.162227749004007],[-80.119795970451491,26.162231357916315],[-80.119795792331274,26.162231369463758],[-80.119741979212662,26.162232832136326],[-80.119741801139838,26.162232837365824],[-80.119687967162108,26.162232149013111],[-80.119687789150291,26.162232146119575],[-80.119634042331811,26.162229307402018],[-80.119633865360797,26.162229299099245],[-80.119580310814342,26.162224298023428],[-80.119526878377016,26.162217154920306],[-80.119473847003263,26.162207883229623],[-80.119421323575523,26.162196501657373],[-80.119369409955041,26.162183031586789],[-80.119318207969002,26.162167498913927],[-80.119267819396953,26.162149935852895],[-80.119218341997382,26.162130377301057],[-80.119169872514775,26.162108859954927],[-80.119122506652616,26.162085425920242],[-80.119076338079964,26.1620601218034],[-80.119031456431088,26.162032998699143],[-80.118987949346476,26.162004106787496],[-80.118945902398337,26.161973505261766],[-80.118065299134145,26.161069006034616],[-80.117832273760158,26.159735718816378],[-80.118009809404199,26.159048710480075],[-80.118040625029252,26.158929460960834],[-80.118049011712174,26.158901486829279],[-80.118059552217233,26.158874113476017],[-80.118072197526317,26.158847475086635],[-80.118086881633204,26.158821703937477],[-80.118103535585874,26.158796925065889],[-80.118122074444244,26.158773261606274],[-80.118142408301935,26.158750832149504],[-80.118159127274879,26.158734827771205],[-80.118164436326168,26.158729745291016],[-80.118188048710607,26.158710105960953],[-80.118211220798685,26.158690761786239],[-80.118232745849966,26.158669923660025],[-80.118238431809658,26.158663530212724],[-80.118252503982532,26.158647706380897],[-80.118270389262136,26.158624232053473],[-80.118286302701264,26.158599630045714],[-80.118300157280075,26.158574034311755],[-80.118311877946354,26.158547583391922],[-80.118321399601797,26.15852042220558],[-80.118328671115819,26.158492700270543],[-80.118333652338976,26.158464569879474],[-80.118336314109428,26.158436185197399],[-80.118336646281222,26.158407698700557],[-80.118334643661427,26.158379269213444],[-80.118332015870692,26.158362158020406],[-80.11833031809968,26.158351050249376],[-80.118323692433179,26.158323197193873],[-80.118316967532294,26.158295240634878],[-80.118312404629989,26.158266929957659],[-80.118310026702787,26.158238401594538],[-80.118309843712083,26.158209793703243],[-80.118311858625404,26.158181243496045],[-80.118316060415466,26.158152887196774],[-80.118322429047353,26.158124861876622],[-80.118330932498509,26.158097302728073],[-80.118341533779898,26.158070340400272],[-80.118354178893995,26.158044106340636],[-80.118368807883584,26.158018726544512],[-80.118385349831172,26.157994321524512],[-80.118403725825402,26.157971010841731],[-80.118423846035441,26.157948903159234],[-80.118445617623621,26.157928108024272],[-80.118468930832094,26.157908724049438],[-80.11849367894429,26.157890844450321],[-80.118519739303338,26.157874554221735],[-80.118546987286294,26.157859933833524],[-80.118574592531388,26.157845018673704],[-80.118588436917349,26.157836195724602],[-80.118600873351269,26.157828269457045],[-80.118625683011018,26.157809780960942],[-80.118648877701659,26.157789657909358],[-80.118670326541306,26.157768015033934],[-80.11868990758154,26.15774497614683],[-80.118707510834767,26.157720670549125],[-80.11872303423992,26.157695237518809],[-80.118736389696991,26.157668821834847],[-80.11874750307382,26.157641572874592],[-80.118756310198719,26.157613645491846],[-80.118762760867824,26.157585199138758],[-80.11876681786508,26.157556395152007],[-80.118770641374184,26.157528449907108],[-80.118776567919028,26.157500807263538],[-80.118784569552844,26.157473592510346],[-80.118794608314374,26.157446932680507],[-80.118806638241693,26.1574209547579],[-80.118850033143673,26.157335555206998],[-80.118939370774257,26.157159743302575],[-80.119042452913718,26.156801136553916],[-80.119044925886286,26.156792531919724],[-80.119046275284475,26.156787843983569],[-80.11904730332094,26.156784263368206],[-80.119050358579841,26.156773634169646],[-80.119065052552003,26.156722516350023],[-80.119068689589227,26.156705535553005],[-80.119069936370423,26.156688277479617],[-80.119068772854547,26.156671013687838],[-80.11906521897032,26.156654020492997],[-80.11905933074479,26.156637561794781],[-80.119051199214965,26.156621900804414],[-80.11904095554344,26.156607284731724],[-80.11902876002415,26.156593943815508],[-80.119005818068644,26.156570341466207],[-80.118984630123265,26.156545440181617],[-80.118965285409502,26.156519345209162],[-80.118947866107305,26.156492167168636],[-80.118932446348126,26.156464022948793],[-80.118919093242184,26.15643503210304],[-80.118907861878156,26.156405316819061],[-80.118898800309836,26.156375003754345],[-80.118891947563,26.156344223121359],[-80.118887332675953,26.156313103266331],[-80.118884974638462,26.156281778791932],[-80.118884884446388,26.156250383349267],[-80.118887061114762,26.156219047808261],[-80.118891497624205,26.156187907514781],[-80.118898172974454,26.156157095021275],[-80.118907060185123,26.156126740135715],[-80.118918120274913,26.15609697259255],[-80.118931306289099,26.156067918467009],[-80.118946563279053,26.156039702882744],[-80.118963825349823,26.156012443675635],[-80.118983019599114,26.155986259541233],[-80.119229722147949,26.155672440471729],[-80.119360178588792,26.155527088592443],[-80.119490601457642,26.155381768873919],[-80.119526735838321,26.155337044268038],[-80.11970666030075,26.155114344387556],[-80.11974199813875,26.155072321731048],[-80.119743491634296,26.155070681821837],[-80.119779094761526,26.155031553588323],[-80.119817897710561,26.154992100111166],[-80.119858348567746,26.154954015999405],[-80.119900385874303,26.154917361349792],[-80.119943950239715,26.154882187245882],[-80.119988977252945,26.154848547448321],[-80.120035400543685,26.154816490290276],[-80.120083151748588,26.154786063190183],[-80.120132160524577,26.154757310846669],[-80.120182355549204,26.154730275244635],[-80.120233660506543,26.154704997436017],[-80.120286004121937,26.154681513088022],[-80.120339305126919,26.154659856904303],[-80.120393487267137,26.154640061814099],[-80.120417520626603,26.154630674505981],[-80.12044242332378,26.154620989231713],[-80.120468180871129,26.154613338203713],[-80.120494588773468,26.1546077842568],[-80.12052143974536,26.154604362228568],[-80.120548342358589,26.154603122981513],[-80.120548520338588,26.154603128581325],[-80.120575439740861,26.154604052045528],[-80.120602338835994,26.154607150630842],[-80.120628824797905,26.154612394860898],[-80.12065468991625,26.154619742850979],[-80.120679728609232,26.154629135580258],[-80.120703744403798,26.154640499642142],[-80.12072654694893,26.154653745420781],[-80.120747953022416,26.154668766194803],[-80.12076779547742,26.154685445412333],[-80.120785919296253,26.154703649446478],[-80.120802176535975,26.1547232347849],[-80.120816441336146,26.154744047218955],[-80.120828599924977,26.154765920880166],[-80.120838558579365,26.154788683704066],[-80.120846233644357,26.154812154661755],[-80.120851568500925,26.154836148376265],[-80.120854520564663,26.154860475043265],[-80.120855063265992,26.154884943150872],[-80.120853196077974,26.154909355930492],[-80.120848932420657,26.154933523919315],[-80.120842304742752,26.154957254160202],[-80.120833366461042,26.154980358336882],[-80.120822190939876,26.155002655475467],[-80.120808860531156,26.155023966462128],[-80.120795609152168,26.155045140735666],[-80.120784481737502,26.155067289236658],[-80.120775565607588,26.155090237395594],[-80.120768928108419,26.155113806910553],[-80.120764623632638,26.155137813082327],[-80.120762685577859,26.155162070180783],[-80.120763127394383,26.155186385133195],[-80.120765948497493,26.15521056929397],[-80.120771124286946,26.15523443567599],[-80.120778616174803,26.155257795401457],[-80.120788362516876,26.155280466672423],[-80.120800291627461,26.155302273045081],[-80.120814306777945,26.155323043338282],[-80.120830300157337,26.155342617134284],[-80.120848144925688,26.155360837509448],[-80.120997332874111,26.155500226752682],[-80.121013989524798,26.155514311393958],[-80.121032120141024,26.155526825491169],[-80.121051543620013,26.155537646088305],[-80.121072066742684,26.155546665499628],[-80.121093483173652,26.155553791303419],[-80.121115580387425,26.155558956312962],[-80.12113813676288,26.155562105922471],[-80.121138314730871,26.15556211332671],[-80.12116093150307,26.155563208998696],[-80.121161109572469,26.155563202864634],[-80.121172792770579,26.155562714552865],[-80.121180378141787,26.155562397999148],[-80.121183732627372,26.155562258710358],[-80.121183910683271,26.155562254381337],[-80.121184196998669,26.155562217317019],[-80.121189934469925,26.155561454436278],[-80.121197946496721,26.155560390430125],[-80.121206492130511,26.155559254764427],[-80.121206778648755,26.155559190623496],[-80.121213520967046,26.155557664863981],[-80.121228629589424,26.155554243261822],[-80.121228940380192,26.155554143165212],[-80.12123939623649,26.155550741910623],[-80.121239811313416,26.155550605444006],[-80.121250102742508,26.155547258243487],[-80.121250405755717,26.155547128313795],[-80.121258246115559,26.155543747202099],[-80.121258655489456,26.155543570986513],[-80.121263211809691,26.15554160586202],[-80.121263517863682,26.15554147053529],[-80.121270700996021,26.155538375145113],[-80.121274169708585,26.155536471981069],[-80.121274559364721,26.155536257736212],[-80.121280501512231,26.155533004942917],[-80.121286453761712,26.155529738672104],[-80.121286844411102,26.155529525335886],[-80.121290210620828,26.15552768743531],[-80.121290471995451,26.15552750851143],[-80.121308443843049,26.155515295059256],[-80.121308679343841,26.1555150988282],[-80.1213187011993,26.155506749610371],[-80.121319038344282,26.155506469155664],[-80.12132521574722,26.155501316934124],[-80.121326529899292,26.155499984600969],[-80.121326832230565,26.155499678661258],[-80.121338309221983,26.155487998724581],[-80.121338608539403,26.155487694571619],[-80.121340362176625,26.155485904597118],[-80.121358911036253,26.15546501983345],[-80.121359190426233,26.155464705630326],[-80.121386690998563,26.155433733938061],[-80.121386970401957,26.155433417929789],[-80.121460908697685,26.155350146237918],[-80.121461188093875,26.155349831132021],[-80.121541594660087,26.155259276113487],[-80.121622650733016,26.155051521436018],[-80.12173725109524,26.154893673487535],[-80.121897985553545,26.15463380407002],[-80.121917096463122,26.154605007811057],[-80.121938113343916,26.154577314405543],[-80.121953167703865,26.154559878724616],[-80.121953443123516,26.15455955998307],[-80.121960970365947,26.154550833567708],[-80.121966614262504,26.154545061592327],[-80.121966910575608,26.154544757419629],[-80.121981509199571,26.154529816433588],[-80.121981809533182,26.154529509577593],[-80.121985568818502,26.154525658564594],[-80.121998475866349,26.154513972847617],[-80.121998799093561,26.154513680572656],[-80.122011823999046,26.154501881846123],[-80.122033186717175,26.154484766223657],[-80.12203353081749,26.154484491225134],[-80.12203963520399,26.15447959576462],[-80.122058506460348,26.154466241401511],[-80.12205886942688,26.154465984569804],[-80.12206890181794,26.154458880939259],[-80.122086215616477,26.154448100301138],[-80.122086596435693,26.154447863435259],[-80.122099514238542,26.154439816129322],[-80.122121834945332,26.154427658864208],[-80.122122226582874,26.154427446434184],[-80.122131356930808,26.15442247103201],[-80.122164312400358,26.154406909917153],[-80.122187925674737,26.15439736901584],[-80.122188335969057,26.154397202731644],[-80.122198258193208,26.154393191608794],[-80.122233063895493,26.154381369467064],[-80.122233379594917,26.154381281131833],[-80.122268610229469,26.154371478868129],[-80.122268922786787,26.154371409468141],[-80.122274032759464,26.154370293414715],[-80.122304755814554,26.154363568592551],[-80.122315894647926,26.154361767204527],[-80.122319740735279,26.154361149802057],[-80.12234136748026,26.154357659490621],[-80.122360795144814,26.154355614366207],[-80.122364145161512,26.154355265620229],[-80.122378133995468,26.154353777645785],[-80.122378312090063,26.154353767899945],[-80.122401937739397,26.154352594984662],[-80.122415270304131,26.154351934296312],[-80.122415448358183,26.154351929965721],[-80.122439492251743,26.154351399531844],[-80.122457003270739,26.154351013416463],[-80.122859216490895,26.154342150546711],[-80.123853403184143,26.154320238040768],[-80.123853589279207,26.154320228341781],[-80.12430086526561,26.154296173238802],[-80.124301041393551,26.154296158965636],[-80.125821115232469,26.154168140723932],[-80.1258270056383,26.154167644849963],[-80.12584518724374,26.15416611338965],[-80.125845365324437,26.15416610544461],[-80.125870368042953,26.154164937609377],[-80.125870553036748,26.154164941440008],[-80.125895569828131,26.154165642958535],[-80.125920620594158,26.15416822749053],[-80.125945349477306,26.154172670311468],[-80.125969584667459,26.15417894330097],[-80.125993165476274,26.154187002159631],[-80.12601592729564,26.154196791733181],[-80.126037713598606,26.154208246085382],[-80.126082886900221,26.154234310936864],[-80.126139256009012,26.154265554196595],[-80.126196839150964,26.154294937333034],[-80.12625556260106,26.154322421988503],[-80.126315349613506,26.154347972494804],[-80.126376120428688,26.154371554970783],[-80.126437797266703,26.154393138255148],[-80.126500297320149,26.154412694766673],[-80.126563540768217,26.154430198747484],[-80.126627444769483,26.15444562712932],[-80.126691924455358,26.154458960442131],[-80.126756896950496,26.154470180130708],[-80.126822276345635,26.154479272134537],[-80.12688797671791,26.154486224198404],[-80.126888154644533,26.154486237010822],[-80.126953913117603,26.154491027683438],[-80.126954091084571,26.154491035080436],[-80.127019999574671,26.154493676652582],[-80.127020177588662,26.154493677731644],[-80.127086148112198,26.154494166059365],[-80.127086334167089,26.154494161771495],[-80.127152272699604,26.154492498089958],[-80.127152458801518,26.154492487484141],[-80.127218288326532,26.154488672229196],[-80.127218472468599,26.154488656195852],[-80.127284291990293,26.154482689967494],[-80.127349820476311,26.154474571965519],[-80.127377144860631,26.154470268785406],[-80.127414987810141,26.154464316206877],[-80.1274668950673,26.154454387152857],[-80.127479701846795,26.154451940185687],[-80.127520225859641,26.154442795098959],[-80.127543877448673,26.154437460535931],[-80.127582170406043,26.154427477847133],[-80.127607430464991,26.154420895703076],[-80.127645084080754,26.154409736654213],[-80.127645502059707,26.154409611920229],[-80.127646362066486,26.15440935627969],[-80.127670278718341,26.154402267754925],[-80.127714351264572,26.154387591345291],[-80.127714769350774,26.154387452170223],[-80.127715202485135,26.154387306768136],[-80.127732339018024,26.15438160055853],[-80.127793531146878,26.154358921609475],[-80.127831593645396,26.154343341371575],[-80.127832002945368,26.154343173259928],[-80.127832602850589,26.154342926874257],[-80.127853774874595,26.154334260208532],[-80.127912989944122,26.154307649266894],[-80.127954134101032,26.154287452833493],[-80.127954534614645,26.154287255785249],[-80.127955233258291,26.154286911614108],[-80.127971100092367,26.154279122622491],[-80.128028030022918,26.154248718632342],[-80.128069371995352,26.154224777595296],[-80.128069760715647,26.154224552494895],[-80.128070094203593,26.154224357748316],[-80.128083703432878,26.154216476549966],[-80.128138048999844,26.154182438366984],[-80.12819099538163,26.154146648782667],[-80.128242473216318,26.154109155216201],[-80.128276377784744,26.15408257865159],[-80.128276724843062,26.154082307266119],[-80.128278363611017,26.154081019254242],[-80.12829241313554,26.15407000598934],[-80.128340751718142,26.154029256680687],[-80.128340975250538,26.154029054047179],[-80.128367921944545,26.154004630458243],[-80.128368245154903,26.154004338168512],[-80.128370200585806,26.154002561963132],[-80.128387429657522,26.15398694754963],[-80.128422808996078,26.153952474950195],[-80.12842311525182,26.153952176239571],[-80.128424134784282,26.153951178724302],[-80.128432379445513,26.153943145883847],[-80.128475542662244,26.153897907292247],[-80.128498056971736,26.153872514546276],[-80.128498333332175,26.153872201213069],[-80.128503646519803,26.153866203129404],[-80.128516866868409,26.153851290127793],[-80.12853606610642,26.153828813455959],[-80.12853633849987,26.153828495585696],[-80.128605956219076,26.153746978375107],[-80.128606228612142,26.153746660504691],[-80.128631679973182,26.153716856474492],[-80.128685537440603,26.15365745852818],[-80.128690972624298,26.153651460272513],[-80.128691255977458,26.153651147883817],[-80.128863338391241,26.153461352344873],[-80.129139772653147,26.153347730282611],[-80.129298758833983,26.153282378797613],[-80.129299169134995,26.153282209785097],[-80.129308258908551,26.153278472034327],[-80.129355491356037,26.153259057536339],[-80.129361107925476,26.153256506457819],[-80.129361515333287,26.153256322986117],[-80.130052834787577,26.152942243664235],[-80.130053150430868,26.152942161629483],[-80.130323496114613,26.152873133790372],[-80.130323798094295,26.152873141029396],[-80.130505550656977,26.152877391177583],[-80.130587566031267,26.152890167905575],[-80.130823466091357,26.152958065168345],[-80.130873501908468,26.152973554189739],[-80.130922746250889,26.15299098712093],[-80.130968918593695,26.153009455730313],[-80.130951830947069,26.152603614432607],[-80.130880445836638,26.150295537165462],[-80.130856651169978,26.148106432282926],[-80.13090424059402,26.147083264244742],[-80.13102321382641,26.146393219939952],[-80.131356338319804,26.145298667862065],[-80.131784641396735,26.144465856445329],[-80.132522274331393,26.143276125330949],[-80.133378881069049,26.142467108879334],[-80.138614359855623,26.136990191232421],[-80.138599542074488,26.1369906180302],[-80.123156343732646,26.137437522312226],[-80.129372882068026,26.137253846373067],[-80.128545682563541,26.137274526340605],[-80.122977658515907,26.137413727275923],[-80.121787928477374,26.137485111119634],[-80.121676930592187,26.137523380626135],[-80.121055861825994,26.137737515053487],[-80.120413406360043,26.138403763422634],[-80.120080282376463,26.139093807829727],[-80.120056487166892,26.139617288667889],[-80.120134973558862,26.142800233082344],[-80.120172868629936,26.146833420342499],[-80.120006306631282,26.148142124847279],[-80.119720770472753,26.149522211827939],[-80.118911754129613,26.152341874202094],[-80.115961221251212,26.162561661796811]]]},"properties":{"OBJECTID":130,"DISTRICTID":null,"NAME":null,"AGENCY":"WM (Waste Management)","AGENCYURL":"https://gyr.fortlauderdale.gov/greener-government/recycling-waste-reduction/solid-waste-yard-waste-recycling-services/residential-curbside-pick-up-garbage-yard-waste-bulk-and-recycling","CONTACT":"Fort Lauderdale Customer Service","PHONE":"954-828-8000","EMAIL":"customerService@fortlauderdale.gov","SUBTYPEFIELD":7,"SCHEDULE":"Monthly","DESCRIPT":null,"MONDAY":"No","TUESDAY":"No","WEDNESDAY":"No","THURSDAY":"No","FRIDAY":"Yes","SATURDAY":"No","SUNDAY":"No","WEEKONE":"No","WEEKTWO":"No","WEEKTHREE":"Yes","WEEKFOUR":"No","BULKDAY":"3rd Friday","RECYCLDAY":null,"TRASHDAY":null,"YARDDAY":null,"DAY":"Friday","WEEK":"3rd","created_user":"CARLOSCR","created_date":1605713376000,"last_edited_user":"CARLOSCR","last_edited_date":1690747320000,"GlobalID":"{CB14F5C1-5678-4409-A64E-99FCD2A915C3}"}},{"type":"Feature","id":131,"geometry":{"type":"Polygon","coordinates":[[[-80.10634522210303,26.152802895571291],[-80.105821739723993,26.153730885159508],[-80.105441026692702,26.155455994615938],[-80.104846161823545,26.159667642315814],[-80.10410995599517,26.167469047989826],[-80.104108528107034,26.167484172820064],[-80.113230204575999,26.167279649575789],[-80.11708674749751,26.167193180223006],[-80.116722649501767,26.166963665340131],[-80.116199167548615,26.166083264856692],[-80.115866043271708,26.16529804281458],[-80.115723275395652,26.164251079691009],[-80.115794659362166,26.163227911544297],[-80.115961221251212,26.162561661796811],[-80.118911754129613,26.152341874202094],[-80.119720770472753,26.149522211827939],[-80.120006306631282,26.148142124847279],[-80.120172868629936,26.146833420342499],[-80.120134973558862,26.142800233082344],[-80.120056487166892,26.139617288667889],[-80.120080282376463,26.139093807829727],[-80.120413406360043,26.138403763422634],[-80.121055861825994,26.137737515053487],[-80.121676930592187,26.137523380626135],[-80.121787928477374,26.137485111119634],[-80.121050295248253,26.137294754356059],[-80.120241277005661,26.137270959836947],[-80.119741590821221,26.137508905433144],[-80.11922682079836,26.137665574012559],[-80.119194314241767,26.137675468117347],[-80.118647038444919,26.137723057621944],[-80.118150325953692,26.137755774673717],[-80.11631814025732,26.13785095338778],[-80.114866668168986,26.137922336916287],[-80.110964351470287,26.138088900052367],[-80.108486737644469,26.13807402772315],[-80.108462942106812,26.138074027606606],[-80.104872771488303,26.138112493296749],[-80.102353342142607,26.13813948798861],[-80.102351304227795,26.138175050079941],[-80.102317225956881,26.13876986022402],[-80.102212979908899,26.139414612184623],[-80.102182688073086,26.139601967699718],[-80.102116068604616,26.140014000277855],[-80.101959385448538,26.141569634400383],[-80.1018101695973,26.143229935742198],[-80.101778638690305,26.143580770698861],[-80.101657808270105,26.144904395670782],[-80.101643475834607,26.145061398772757],[-80.101320790582733,26.147096407032091],[-80.100913006030552,26.149122113945786],[-80.100646295976219,26.150587131268949],[-80.100629055174963,26.150745154830382],[-80.100505516696899,26.151877550006073],[-80.100480335335547,26.152241171990326],[-80.100461043469494,26.152519748027579],[-80.100454193311407,26.152618667085129],[-80.102555546625354,26.152618667165491],[-80.105648848092642,26.15266625665031],[-80.106444534432384,26.152654555278691],[-80.10634522210303,26.152802895571291]]]},"properties":{"OBJECTID":131,"DISTRICTID":null,"NAME":null,"AGENCY":"WM (Waste Management)","AGENCYURL":"https://gyr.fortlauderdale.gov/greener-government/recycling-waste-reduction/solid-waste-yard-waste-recycling-services/residential-curbside-pick-up-garbage-yard-waste-bulk-and-recycling","CONTACT":"Fort Lauderdale Customer Service","PHONE":"954-828-8000","EMAIL":"customerService@fortlauderdale.gov","SUBTYPEFIELD":7,"SCHEDULE":"Monthly","DESCRIPT":null,"MONDAY":"Yes","TUESDAY":"No","WEDNESDAY":"No","THURSDAY":"No","FRIDAY":"No","SATURDAY":"No","SUNDAY":"No","WEEKONE":"No","WEEKTWO":"No","WEEKTHREE":"No","WEEKFOUR":"Yes","BULKDAY":"4th Monday","RECYCLDAY":null,"TRASHDAY":null,"YARDDAY":null,"DAY":"Monday","WEEK":"4th","created_user":"CARLOSCR","created_date":1605713376000,"last_edited_user":"CARLOSCR","last_edited_date":1690747320000,"GlobalID":"{F104E7C8-1722-4ECB-9407-2A4BD606316B}"}},{"type":"Feature","id":132,"geometry":{"type":"Polygon","coordinates":[[[-80.103644058266468,26.120176818855938],[-80.102342192677426,26.13782914416047],[-80.102342150293211,26.137831417527458],[-80.102353194098455,26.138042466475419],[-80.102355918880008,26.138094532361492],[-80.102355830207202,26.138096058995888],[-80.102353342142607,26.13813948798861],[-80.104872771488303,26.138112493296749],[-80.108462942106812,26.138074027606606],[-80.108486737644469,26.13807402772315],[-80.108479819296306,26.138023005524509],[-80.108343969444704,26.137021115382787],[-80.109057807604074,26.134546475522487],[-80.109914413646834,26.132095631289886],[-80.109819235591758,26.130025499374192],[-80.10985492775545,26.127967264533151],[-80.108800019988394,26.128055004905665],[-80.107110602945852,26.126627328115241],[-80.107753057088175,26.123771974071779],[-80.10925211796544,26.121701842548905],[-80.109590309565959,26.119930787803504],[-80.109704216108668,26.119334278739057],[-80.108990377452585,26.118001779397193],[-80.108800020211675,26.116383746003457],[-80.109014172545159,26.11455156050981],[-80.109775599719512,26.111815179472696],[-80.110953433375613,26.11105375180178],[-80.113951555115349,26.111220314280008],[-80.115759945731654,26.11141067095523],[-80.117940543982129,26.112418904612831],[-80.117972845224543,26.112433839843181],[-80.11975744163226,26.113837721653038],[-80.121542037939975,26.114361203670246],[-80.12396908834333,26.114694327091541],[-80.125729890345724,26.11528919293465],[-80.127371718258104,26.116098210083834],[-80.128513860849594,26.116740665178863],[-80.129180109666493,26.115907853397292],[-80.129584618104076,26.116122005420344],[-80.130512607973529,26.11690722650382],[-80.130940910511526,26.11724035185728],[-80.131535776977699,26.117335529792673],[-80.132202026142963,26.117359325076666],[-80.13313001610139,26.117359324753799],[-80.133415552203559,26.117454502959472],[-80.134010416324159,26.117644859813826],[-80.134795639657014,26.117287940671435],[-80.135509477996791,26.117406913783242],[-80.136270905269839,26.117787628343443],[-80.136723003118306,26.117906601207263],[-80.137198895504653,26.11802557337381],[-80.137229578811514,26.118025573784095],[-80.137508226148682,26.118025573171021],[-80.138174475134207,26.117716243444399],[-80.139007286571214,26.116954816124419],[-80.140363579341567,26.117121378729703],[-80.14157710511617,26.117406913328491],[-80.143409290907002,26.118025573655014],[-80.144146924069744,26.118144546323801],[-80.144955940764419,26.118501465443803],[-80.145434565007449,26.118544977452874],[-80.14549228611186,26.11850834634755],[-80.145328571055913,26.116189048998656],[-80.145062199926954,26.107555033218137],[-80.145060982347317,26.107515573232138],[-80.137932715625467,26.107641737124766],[-80.136994607555209,26.107658340616421],[-80.136978290921789,26.107658626569297],[-80.136961324375505,26.107658924877402],[-80.136590099313707,26.092786706631156],[-80.136494920068202,26.089812378793397],[-80.136471180926364,26.089246492813849],[-80.136476031875588,26.089418744059472],[-80.135721192820171,26.092365734590036],[-80.135649481643227,26.092645695926777],[-80.135609664804704,26.092801141961719],[-80.135609626733327,26.09280128976053],[-80.135608740777855,26.092804732396075],[-80.120334406199532,26.093209599222938],[-80.120334228251735,26.09320960174821],[-80.120186983402533,26.0932107599014],[-80.120185427925989,26.093210772979564],[-80.120185249991721,26.093210773699553],[-80.119483321970876,26.093216308510637],[-80.115695035474445,26.093246117240163],[-80.115219885425461,26.093249848657262],[-80.115219706484922,26.09324985026754],[-80.1151803249099,26.093250159303349],[-80.113478027264023,26.093263517519912],[-80.113390586081493,26.093264203144077],[-80.113390408140532,26.093264204758228],[-80.10511138538125,26.093328868540762],[-80.105111207447266,26.093328869242132],[-80.10511088455074,26.093328872654624],[-80.105108449475381,26.093340177939837],[-80.105108173898088,26.093341450699441],[-80.104723236981698,26.095127786596397],[-80.104722918846662,26.095129264883084],[-80.104722814193948,26.09512974983144],[-80.105210408477276,26.095271994761131],[-80.105242395156438,26.095281326569658],[-80.105245517994049,26.095282241318049],[-80.10517575575949,26.095666001352125],[-80.104929196874792,26.09702230150743],[-80.104929111316139,26.097022773035324],[-80.104787455229015,26.097519847342593],[-80.104658817252286,26.099933676855052],[-80.104507899692578,26.10259634218842],[-80.10437030795255,26.105458375228199],[-80.10440389333462,26.108399015859497],[-80.104403874657763,26.108426526888717],[-80.104403284156618,26.108454035268821],[-80.104401551026896,26.108481535649354],[-80.104399247071512,26.108509033386916],[-80.104396372624564,26.10853635337984],[-80.104392354520016,26.108563668977016],[-80.104387196104369,26.108590803290188],[-80.104380897663304,26.108617587535409],[-80.104373647521868,26.108644365869001],[-80.104365635919294,26.108670968881665],[-80.104356675256184,26.108697219401659],[-80.104351371280117,26.108710655002913],[-80.104346383311793,26.108723291061033],[-80.104336091669779,26.108749191228007],[-80.104326751414263,26.108775268797011],[-80.104319121684057,26.108801872373068],[-80.104313392720329,26.108828832547385],[-80.104308613831904,26.108856142512224],[-80.104306312181251,26.108871789167857],[-80.104304596700274,26.108883457208584],[-80.104300770513177,26.108910772188217],[-80.104296563751475,26.108937913310204],[-80.104292546613664,26.108965228005786],[-80.104288720420499,26.108992542984659],[-80.104285084158647,26.109019860045688],[-80.104281447901812,26.109047176203955],[-80.104277620689345,26.109074492980994],[-80.104273984435551,26.109101808236211],[-80.104270158218867,26.109129125018978],[-80.10426652196125,26.109156440273711],[-80.104263762682834,26.109177168411165],[-80.104262885687973,26.109183757333334],[-80.104259250726614,26.109210902004929],[-80.104226328885261,26.109632307522222],[-80.104189336461062,26.11041524615835],[-80.104186588889547,26.110473386981191],[-80.104187863427029,26.110506064374238],[-80.104186011335329,26.110524107502055],[-80.10418263802363,26.110541967880124],[-80.104177550221408,26.110559818508705],[-80.104170942805524,26.110577144313257],[-80.104162623211408,26.110594287986331],[-80.104152783016431,26.110610905023513],[-80.104133737048159,26.110636061190021],[-80.104114533185736,26.110656748520981],[-80.104099001661268,26.110670579980756],[-80.104082334355155,26.110683370908728],[-80.104064531925161,26.110695297314859],[-80.104045859964003,26.110706141518197],[-80.104026171807163,26.110715995574477],[-80.103985862722951,26.11072180331503],[-80.103976739165091,26.110724801906947],[-80.10396428813327,26.110728890916011],[-80.103952878251221,26.110734499145575],[-80.103944676581307,26.110738530619049],[-80.103926796164629,26.110750323841323],[-80.103922513802814,26.110754184709876],[-80.103911454555885,26.110764155557721],[-80.10390044139578,26.110785782819178],[-80.103896179647691,26.110794151380748],[-80.103888240890328,26.110811296500639],[-80.103881062587902,26.11082861874214],[-80.103874452811922,26.110846115107311],[-80.103868605483939,26.110863789509281],[-80.103863327990496,26.110881466549944],[-80.10385862232441,26.110899147144373],[-80.103854484850345,26.110917176964332],[-80.103851111468416,26.110935038234651],[-80.103848497557507,26.110953074815843],[-80.103846455454402,26.11097111765865],[-80.103844985193774,26.110989162250334],[-80.104017590392147,26.112056121608624],[-80.104033964898207,26.112156638986839],[-80.104046961096671,26.11227553388823],[-80.104031668661364,26.11230793683114],[-80.104029579812916,26.112314932509253],[-80.10402639112047,26.112325613873232],[-80.104023206348529,26.112343648711828],[-80.104022116981966,26.112361695669161],[-80.104023123315685,26.11237958505907],[-80.104026034111371,26.112397485381166],[-80.104031043244746,26.112414882457823],[-80.104035333645484,26.112425186078301],[-80.104038150395198,26.112431949585254],[-80.104046977307945,26.112448338718362],[-80.104057954851186,26.112482281364716],[-80.104062201902238,26.112499845197885],[-80.104065684857758,26.112517576678645],[-80.104068214771274,26.112535474632956],[-80.104069981588268,26.112553540241191],[-80.104070797984093,26.112571428450185],[-80.104070660357593,26.112589480418926],[-80.10406975961962,26.112607701846688],[-80.10406790746643,26.112625744966444],[-80.104065104904137,26.112643608881815],[-80.104061539236099,26.112661641353512],[-80.10405702315127,26.112679495523238],[-80.104051745588819,26.112697173467559],[-80.10405092896498,26.112724031456565],[-80.10404767860301,26.112830920148884],[-80.10406979388803,26.113085517446184],[-80.104073591621855,26.113129234815499],[-80.10406879543342,26.113158779472109],[-80.104066182481375,26.113176817862652],[-80.104063569843063,26.113194683859195],[-80.104061337796622,26.113212722811319],[-80.104059104735967,26.113230763562253],[-80.104057253574851,26.113248805783694],[-80.104055401406484,26.113266848901389],[-80.104053738876772,26.113285064690697],[-80.104052268607617,26.113303109278881],[-80.104051178225291,26.113321157130255],[-80.104050088835379,26.113339205890391],[-80.104049189412919,26.113357253123148],[-80.104048479923478,26.11337530334135],[-80.104047961387593,26.113393353843534],[-80.104047633791581,26.113411406434842],[-80.104047496142684,26.113429460206451],[-80.104047548447824,26.113447514255878],[-80.10404777859091,26.113467288855698],[-80.104048225892413,26.113483626816961],[-80.104048850039121,26.11350168441983],[-80.104050318421031,26.113533847622922],[-80.104043189645196,26.113569567784189],[-80.104039243039466,26.113587598787788],[-80.104035107819868,26.113605453515461],[-80.104030971578553,26.11362331094438],[-80.104027026283276,26.113641169559731],[-80.104023080993599,26.113659027272373],[-80.104018945761823,26.113676882901835],[-80.104014999155126,26.113694913001755],[-80.104011053861569,26.113712770713832],[-80.104007108573597,26.113730627523154],[-80.10400316327059,26.113748486137421],[-80.103999216658721,26.113766516236605],[-80.10399527136002,26.113784373947944],[-80.10399132606004,26.113802231659104],[-80.103987380765659,26.113820088467531],[-80.103983624103492,26.113838118843908],[-80.103979678792783,26.113855977457085],[-80.103975924435431,26.113873836354234],[-80.103971977814609,26.113891866452146],[-80.103968222455038,26.113909725342744],[-80.103964468100855,26.113927583336796],[-80.103960712738839,26.113945442227049],[-80.103956957060817,26.113963473510978],[-80.103953201696342,26.113981332400879],[-80.103949446323767,26.113999192193166],[-80.103945690648928,26.11401722257402],[-80.103941936273628,26.114035082372173],[-80.103938179596568,26.114053112746472],[-80.103934615174012,26.114070972822308],[-80.103930860808831,26.114088830814847],[-80.10392729506934,26.114106863277964],[-80.103923539688225,26.114124723069072],[-80.103919973953253,26.114142754629327],[-80.103916409524786,26.114160614704346],[-80.103912845095167,26.114178474779191],[-80.103909089401228,26.11419650606091],[-80.10390552496925,26.114214366135439],[-80.103901959228352,26.114232397694884],[-80.103898584742637,26.114250258949706],[-80.103895018992532,26.114268291411374],[-80.103891454555878,26.11428615148527],[-80.103888078752121,26.114304185127256],[-80.103884514313165,26.114322045200851],[-80.103880948565276,26.114340076759344],[-80.103877575072488,26.114357938019445],[-80.103874199264197,26.11437597166082],[-80.103870825769178,26.114393832920655],[-80.103867260016671,26.114411864478505],[-80.10386388651942,26.114429725738024],[-80.103860510713503,26.114447758476246],[-80.103857136207409,26.114465620631801],[-80.103853952340842,26.114483655465378],[-80.103850576839676,26.114501516711886],[-80.103847202029073,26.114519549455736],[-80.10384382721044,26.114537583101967],[-80.103840643654522,26.114555445541161],[-80.103837267847723,26.114573477375778],[-80.103834085289378,26.11459133982088],[-80.103830899408933,26.114609375543608],[-80.103827524591679,26.114627408286569],[-80.103824340030698,26.114645270718817],[-80.103821156153359,26.11466330555097],[-80.103817972589994,26.114681167989179],[-80.103814787717695,26.114699201912288],[-80.103811602837439,26.114717236737803],[-80.103808609220295,26.114735100356359],[-80.103805424337963,26.114753135181598],[-80.103802239468322,26.11477116820161],[-80.103799246840993,26.114789032728513],[-80.103796061955478,26.114807067553347],[-80.103793067025336,26.114825102656273],[-80.103790074401857,26.114842966280239],[-80.103786889513231,26.114861001104661],[-80.103783894580047,26.114879036207189],[-80.103780900638711,26.114897072218362],[-80.103777907011462,26.114914935835582],[-80.103774913075014,26.114932970943926],[-80.103771918130946,26.114951006948491],[-80.103769114450472,26.114968871746132],[-80.103766121503895,26.114986907762869],[-80.10376312656372,26.115004942864491],[-80.103760322565222,26.115022980055596],[-80.103757329930787,26.11504084367813],[-80.103754525930384,26.115058880868958],[-80.103751721935964,26.115076917157147],[-80.10374872699083,26.115094952258122],[-80.103745922987571,26.115112989448587],[-80.103743120298248,26.115130854251358],[-80.103740316293099,26.115148891441581],[-80.10373751229389,26.115166927729135],[-80.103734707287074,26.115184964912928],[-80.103732096543624,26.115202830908505],[-80.103729292541615,26.115220867195699],[-80.103726487532015,26.11523890437913],[-80.10372387447805,26.115256941853193],[-80.103721070466349,26.115274979042592],[-80.103718457410579,26.115293016516421],[-80.103715844662247,26.115310882498882],[-80.103713040647762,26.115328919687919],[-80.103710425589838,26.115346957148976],[-80.103707813523343,26.11536499553111],[-80.103705200463111,26.115383033004406],[-80.103702586395372,26.115401071373885],[-80.103699973326485,26.115419109749485],[-80.103699213738707,26.115424712853947],[-80.103697551515339,26.11543697782086],[-80.103689103283259,26.115470797004772],[-80.103685918352227,26.115488832727113],[-80.103680934407635,26.115542962895702],[-80.103681801681731,26.115579076626481],[-80.103685120331761,26.115607995663755],[-80.103685908734008,26.115614867513013],[-80.103693257587537,26.115650332859882],[-80.103698075521791,26.115667902051865],[-80.103703656582496,26.115685302689712],[-80.103715240257372,26.115714777660926],[-80.103716560580892,26.115741436810488],[-80.103715849706248,26.115759658504491],[-80.103714949188586,26.115777707526263],[-80.10371424162777,26.115795756845007],[-80.103713342109117,26.115813805872879],[-80.103712251646101,26.115831852810992],[-80.103711352126709,26.115849901838732],[-80.103710262662617,26.115867948782942],[-80.103709172191472,26.115885996623437],[-80.10370808141154,26.115904215955116],[-80.103706990932665,26.115922264698014],[-80.103705710515783,26.115940310454825],[-80.103704430091526,26.115958357114131],[-80.103703149673706,26.115976402870793],[-80.103701679303953,26.11599444744645],[-80.103700207933926,26.116012492015813],[-80.103698737556229,26.116030537493884],[-80.10369726617823,26.11604858296565],[-80.103695794491315,26.116066799928614],[-80.103694133160673,26.11608484421928],[-80.103692471836311,26.116102887607333],[-80.103690810511367,26.11612093099529],[-80.103688958227494,26.116138974098558],[-80.103687106949621,26.116157016305369],[-80.10368525466447,26.116175059408452],[-80.10368340338529,26.116193101615121],[-80.103681551098816,26.116211144718037],[-80.103679507860122,26.116229186633674],[-80.103677466627104,26.116247227659084],[-80.103675424386765,26.116265269580758],[-80.10367319220066,26.11628330941878],[-80.103670958007427,26.116301350146802],[-80.103668725812923,26.116319390887199],[-80.103666493624502,26.116337430724922],[-80.103664070483589,26.116355469375325],[-80.103661837286964,26.116373510109213],[-80.103659415144151,26.116391548765613],[-80.103656801042035,26.116409587131034],[-80.103654377897783,26.116427625781007],[-80.103651765109007,26.116445491758618],[-80.103649152003996,26.116463530129913],[-80.103646538891212,26.116481569403632],[-80.103643734846216,26.116499604782327],[-80.103640930779591,26.116517642868548],[-80.103638127041194,26.116535506755742],[-80.103635322979571,26.11655354393919],[-80.103632328971557,26.116571579038879],[-80.103629334962505,26.116589614138434],[-80.103626341260977,26.116607477746619],[-80.103623346236432,26.116625514644827],[-80.103620352224368,26.116643549743994],[-80.103617168567354,26.116661412170721],[-80.103613983594101,26.116679446984854],[-80.103610607681247,26.116697478806437],[-80.103607425020783,26.116715341238955],[-80.103604049085064,26.116733375767904],[-80.103600674477192,26.116751236104022],[-80.103597108593448,26.116769268548992],[-80.10359494042666,26.116780748718252],[-80.103593734976201,26.116787129793597],[-80.103590169097018,26.116805161335698],[-80.1035866045181,26.116823022295179],[-80.103583038636557,26.11684105383695],[-80.103579283109639,26.116858912706203],[-80.103575528581231,26.116876771581506],[-80.103571771743475,26.116894801935405],[-80.103568016205983,26.116912661706696],[-80.103564071720953,26.116930519400288],[-80.103560124919611,26.116948549475087],[-80.103556178432527,26.116966407155878],[-80.10355696621447,26.116987905560062],[-80.103557401340623,26.1170059610774],[-80.103558215352606,26.117024021658505],[-80.103558839425403,26.117042079253277],[-80.103559654451203,26.11706013803542],[-80.103560468470519,26.117078197713862],[-80.103561283805277,26.117096085004686],[-80.10356228978452,26.117114144974082],[-80.10356310379747,26.117132205554952],[-80.103564299730451,26.117150266705448],[-80.103565306019007,26.117168155183517],[-80.103566501952486,26.117186216333927],[-80.103567696886515,26.11720427747807],[-80.103568894128941,26.117222167143382],[-80.103570278003431,26.117240231267534],[-80.103571474937823,26.117258292423976],[-80.103573052088109,26.117276184451512],[-80.103574438976651,26.11729424678904],[-80.10357601612769,26.11731213881647],[-80.10357759297051,26.117330202335079],[-80.103579170115438,26.117348095264976],[-80.103580936912692,26.117366159964643],[-80.103582515065099,26.117384051998119],[-80.103584473118403,26.117401947296411],[-80.103586239917007,26.117420011995936],[-80.103588196978436,26.117437906385341],[-80.103590157039662,26.117455800793351],[-80.10359121906906,26.117465597849485],[-80.10359211479323,26.117473866680079],[-80.103594072855969,26.11749176107557],[-80.103596221865956,26.117509657560895],[-80.103598370883361,26.117527553143631],[-80.103600709862178,26.117545449004879],[-80.103602859880539,26.117563344593702],[-80.103605198846793,26.117581242259952],[-80.103607728781228,26.117599139308393],[-80.103649359036481,26.119310030143676],[-80.103649601118889,26.119319972832269],[-80.103662973230769,26.119869498140641],[-80.103664163932393,26.119888248834624],[-80.103665168944829,26.119906307888659],[-80.103665793028384,26.119924366379234],[-80.103666035196852,26.119942422494994],[-80.103666089413935,26.119960476539426],[-80.103665760702086,26.119978530007938],[-80.103665241053022,26.119996579581343],[-80.103664342473891,26.120014628603712],[-80.103663252936656,26.12003267643864],[-80.103663165773156,26.120033748179633],[-80.103661780490597,26.120050720989948],[-80.103660120078658,26.120068765275001],[-80.103658267708525,26.120086808366342],[-80.10365603543535,26.120104847290158],[-80.103653422224781,26.12012288655291],[-80.103650618069196,26.120140922823065],[-80.103647434311881,26.120158784337001],[-80.103644058266468,26.120176818855938]]]},"properties":{"OBJECTID":132,"DISTRICTID":null,"NAME":null,"AGENCY":"WM (Waste Management)","AGENCYURL":"https://gyr.fortlauderdale.gov/greener-government/recycling-waste-reduction/solid-waste-yard-waste-recycling-services/residential-curbside-pick-up-garbage-yard-waste-bulk-and-recycling","CONTACT":"Fort Lauderdale Customer Service","PHONE":"954-828-8000","EMAIL":"customerService@fortlauderdale.gov","SUBTYPEFIELD":7,"SCHEDULE":"Monthly","DESCRIPT":null,"MONDAY":"Yes","TUESDAY":"No","WEDNESDAY":"No","THURSDAY":"No","FRIDAY":"No","SATURDAY":"No","SUNDAY":"No","WEEKONE":"No","WEEKTWO":"Yes","WEEKTHREE":"No","WEEKFOUR":"No","BULKDAY":"2nd Monday","RECYCLDAY":null,"TRASHDAY":null,"YARDDAY":null,"DAY":"Monday","WEEK":"2nd","created_user":"CARLOSCR","created_date":1605713376000,"last_edited_user":"CARLOSCR","last_edited_date":1690808270000,"GlobalID":"{1C8F8D49-8FCB-4012-83B7-FF185B250F38}"}},{"type":"Feature","id":133,"geometry":{"type":"MultiPolygon","coordinates":[[[[-80.165346388237893,26.158556908595909],[-80.165346319124694,26.15855706344243],[-80.165346054878896,26.158557654016033],[-80.165346232926524,26.158557651437636],[-80.170643720812336,26.158381481177258],[-80.170643898866146,26.158381477689723],[-80.170642168633009,26.158311461151087],[-80.172772496726211,26.158265921937634],[-80.172772674779878,26.158265918447455],[-80.174796257908298,26.158222598171392],[-80.17479643594919,26.158222596483849],[-80.174795865269104,26.158195103603838],[-80.178129956264257,26.158123698483092],[-80.178137268546664,26.15812354254621],[-80.178139190715882,26.158219331244364],[-80.17814112990942,26.158315545163649],[-80.178141147110793,26.158316087725176],[-80.17814132514556,26.158316086936061],[-80.184919845012885,26.158170704925418],[-80.184920135105543,26.158170698443936],[-80.184920313159125,26.158170694938722],[-80.184920736287211,26.158170686502448],[-80.184920914328259,26.158170684802364],[-80.184918513395658,26.158079521928737],[-80.18491838180293,26.158074423286614],[-80.18694401158136,26.158030911211259],[-80.186944189622238,26.158030909508671],[-80.186936542966393,26.156564569474732],[-80.186933350744297,26.155952935214927],[-80.186927023373769,26.154739442958434],[-80.186920513949445,26.153491868989793],[-80.186915777816949,26.152584061811076],[-80.190726536771464,26.152547001580757],[-80.190903092305604,26.152545282101933],[-80.190903269344375,26.152545279486038],[-80.192889192343429,26.152525926715274],[-80.192889231358919,26.152525925128714],[-80.192889409391555,26.15252592341858],[-80.192890133510645,26.152525918450426],[-80.19289031153086,26.152525918545436],[-80.192875634948976,26.151426806643919],[-80.192866025893252,26.15070710107759],[-80.19286456070833,26.150597353343535],[-80.192864382684832,26.150597354151127],[-80.192838702285968,26.150597617316098],[-80.192731822953775,26.150598716127792],[-80.19267663548338,26.150599284139361],[-80.192676457453672,26.15059928584931],[-80.18889052769488,26.150638093843817],[-80.188890349671425,26.15063809464651],[-80.188890544775163,26.15064719579545],[-80.188890547864361,26.150647327593006],[-80.188890644615824,26.15065184927964],[-80.187131683126452,26.150669844366274],[-80.18713120296718,26.150669427361475],[-80.187077514735705,26.150622783794159],[-80.186818615998035,26.150774402977419],[-80.182821120300943,26.150893376123232],[-80.178085992173479,26.151131322605718],[-80.170590688159521,26.151321679071504],[-80.168526469278291,26.151357020390453],[-80.168512335031792,26.151389020835371],[-80.165346388237893,26.158556908595909]]],[[[-80.132235241356852,26.153921987097263],[-80.132235358465792,26.153921974263969],[-80.132235426404122,26.153921983699259],[-80.13230067070954,26.153915020650818],[-80.132552685290861,26.15376795174317],[-80.132553073007998,26.153767725721799],[-80.132582946449276,26.153750291501829],[-80.132583186661577,26.153750131384037],[-80.13260632677715,26.153734661269063],[-80.1326066966529,26.153734413477807],[-80.132622471498294,26.153723865982997],[-80.132622842374062,26.153723618197748],[-80.13276861209367,26.15362614834579],[-80.132768840377963,26.153625978227304],[-80.133102513725518,26.153376667509917],[-80.133258574064669,26.153166544766911],[-80.133259053892218,26.153165898688439],[-80.133368856856634,26.153024362751527],[-80.133369044662871,26.153024121083426],[-80.133369362744745,26.153023708706087],[-80.133525149272927,26.152822904200043],[-80.133592402773289,26.152735554842778],[-80.133599245189203,26.15272666301621],[-80.133599452569172,26.152726479231653],[-80.133604543895601,26.152722042011124],[-80.133627631421618,26.152709178103052],[-80.133627911033031,26.152709099454032],[-80.133663804898276,26.152699357932807],[-80.133666550529014,26.152698771514423],[-80.133685087499487,26.152694852024542],[-80.133700576352211,26.152691580313565],[-80.133703939569543,26.152691058985717],[-80.133725581427257,26.152687742145527],[-80.133737819610502,26.152685867050913],[-80.133748010969455,26.152684885850423],[-80.133762750155526,26.15268345362654],[-80.133771633442933,26.152682598141087],[-80.133773710143785,26.152682398521332],[-80.133775190366094,26.152682254885356],[-80.13377536844429,26.152682246930436],[-80.133780448499962,26.152682043711668],[-80.133788565799009,26.152681717052221],[-80.133797567435266,26.152681357801956],[-80.1338019071963,26.152681183526148],[-80.13380881298346,26.152680908247934],[-80.133812920642768,26.152680744309631],[-80.133905345339173,26.15268242477088],[-80.133961548918549,26.152683449616358],[-80.133965569819921,26.152683522534666],[-80.133965747798172,26.152683528117851],[-80.134272798555955,26.152694752085743],[-80.134276888909923,26.152694900328278],[-80.134277066928163,26.152694900495725],[-80.134429341789911,26.152694197375833],[-80.134429522901598,26.152694184925348],[-80.134461744368011,26.152692024599283],[-80.134462096584073,26.152692000540707],[-80.134462273628898,26.152691997091711],[-80.134538611341057,26.152682053418939],[-80.134542593581941,26.152681537596397],[-80.134607635820231,26.15267081115498],[-80.134948564248816,26.152413784490353],[-80.134956140607315,26.152410862260499],[-80.135018750837745,26.152386784266522],[-80.135064450418056,26.152368785666479],[-80.135064862654929,26.152368623869691],[-80.135137290688988,26.152340096316568],[-80.135195669420042,26.152317100319312],[-80.135196082663256,26.152316937625596],[-80.135228136134003,26.152304312323174],[-80.135307951953237,26.15227116081461],[-80.135308363255916,26.152270989985553],[-80.135337309960974,26.152258963381691],[-80.135339677016304,26.152257904405797],[-80.13534008339839,26.152257722715952],[-80.135380697965559,26.152239503940311],[-80.135381105354227,26.152239321353782],[-80.135436061831925,26.152214669208611],[-80.135436332759781,26.152214547179312],[-80.135569584183841,26.152154781009042],[-80.135569853104641,26.152154659870035],[-80.136270289830236,26.151615793516484],[-80.137168920315517,26.151323439404596],[-80.137376938070105,26.151304899599463],[-80.137394356189702,26.151303347654551],[-80.138180771136078,26.151233273480425],[-80.138309962927835,26.151223446361101],[-80.138380008843882,26.151218124894012],[-80.138380185879868,26.15121812234268],[-80.138621262431485,26.151169900744048],[-80.138937217363093,26.151081302865123],[-80.139293104490235,26.15104152878925],[-80.139294183460478,26.151041410678676],[-80.139297344493045,26.151041038744115],[-80.13929752260168,26.151041026269507],[-80.139441269028893,26.151032628167822],[-80.139441567183511,26.151032610994726],[-80.139645701266147,26.151020685093979],[-80.139645879341643,26.151020677131726],[-80.139995166953611,26.151005528053709],[-80.140095488761148,26.15101123483095],[-80.140157154166062,26.151039824468498],[-80.140229223882827,26.1510745172673],[-80.140306758628313,26.151103142901725],[-80.14038125671027,26.151126364576506],[-80.14050237116308,26.151184285832343],[-80.140710369100205,26.15123253504602],[-80.140710549103375,26.15123253702254],[-80.140842737405762,26.151234266106705],[-80.14089679301928,26.150147655202943],[-80.140791721054967,26.147555884314027],[-80.140442907219139,26.13693783455242],[-80.138642608160353,26.136989377176796],[-80.138614359855623,26.136990191232421],[-80.133378881069049,26.142467108879334],[-80.132522274331393,26.143276125330949],[-80.131784641396735,26.144465856445329],[-80.131356338319804,26.145298667862065],[-80.13102321382641,26.146393219939952],[-80.13090424059402,26.147083264244742],[-80.130856651169978,26.148106432282926],[-80.130880445836638,26.150295537165462],[-80.130951830947069,26.152603614432607],[-80.130968918593695,26.153009455730313],[-80.130971106355133,26.153010330909538],[-80.131018490484337,26.153031548899214],[-80.131064811915124,26.153054602658688],[-80.13110998097045,26.153079447420826],[-80.131153912986761,26.153106036643621],[-80.131196526327187,26.153134320193008],[-80.131237741368082,26.153164246141888],[-80.131277478538991,26.153195755342892],[-80.131315663242788,26.1532287922889],[-80.131352225955965,26.153263291575044],[-80.131387095127792,26.153299191394446],[-80.131452135576907,26.153369156584375],[-80.131845792068248,26.153785869995875],[-80.131936073551145,26.153851849627603],[-80.132037253761496,26.153891428991454],[-80.132164081446945,26.153912443009762],[-80.132235241356852,26.153921987097263]]]]},"properties":{"OBJECTID":133,"DISTRICTID":null,"NAME":null,"AGENCY":"WM (Waste Management)","AGENCYURL":"https://gyr.fortlauderdale.gov/greener-government/recycling-waste-reduction/solid-waste-yard-waste-recycling-services/residential-curbside-pick-up-garbage-yard-waste-bulk-and-recycling","CONTACT":"Fort Lauderdale Customer Service","PHONE":"954-828-8000","EMAIL":"customerService@fortlauderdale.gov","SUBTYPEFIELD":7,"SCHEDULE":"Monthly","DESCRIPT":null,"MONDAY":"No","TUESDAY":"No","WEDNESDAY":"No","THURSDAY":"Yes","FRIDAY":"No","SATURDAY":"No","SUNDAY":"No","WEEKONE":"No","WEEKTWO":"No","WEEKTHREE":"Yes","WEEKFOUR":"No","BULKDAY":"3rd Thursday","RECYCLDAY":null,"TRASHDAY":null,"YARDDAY":null,"DAY":"Thursday","WEEK":"3rd","created_user":"CARLOSCR","created_date":1605713376000,"last_edited_user":"CARLOSCR","last_edited_date":1690747320000,"GlobalID":"{CCF8CA08-62FB-4D9F-B2A3-58F9EAA8096D}"}},{"type":"Feature","id":134,"geometry":{"type":"Polygon","coordinates":[[[-80.103316966311866,26.182390466182063],[-80.10298561889104,26.187575108673819],[-80.102949091826844,26.188146620887714],[-80.102839701237869,26.189858128371718],[-80.102838968085933,26.189869600186665],[-80.102837721209795,26.189889104525225],[-80.102837640330847,26.189890390206575],[-80.106916293241397,26.189827317575208],[-80.108772273353324,26.18980352391004],[-80.110509280735116,26.189755934081035],[-80.113031509615453,26.189660755387948],[-80.113153499190332,26.189654655806205],[-80.114935079030417,26.189565576767293],[-80.118670834123293,26.183759690901176],[-80.118994529930447,26.183521266434905],[-80.119001006658365,26.183510580613458],[-80.119058791174609,26.183410922014343],[-80.119114527939189,26.183310318478799],[-80.119168197678292,26.183208805994873],[-80.119219783159721,26.183106415147524],[-80.119269267090488,26.183003184644544],[-80.119316629217494,26.182899147760022],[-80.119361857276871,26.182794339622099],[-80.119404933996577,26.182688796230718],[-80.119445845098952,26.182582554506698],[-80.119484578320652,26.182475649577945],[-80.119521117383783,26.182368118352858],[-80.119555452019227,26.182259996873992],[-80.119587568950308,26.182151322067931],[-80.119617458894993,26.182042131788258],[-80.11964511158466,26.18193246207721],[-80.119670517737518,26.181822350788206],[-80.11969366507779,26.181711834853601],[-80.119714550319046,26.181600953065882],[-80.119733166187288,26.181489742387821],[-80.119749503401181,26.18137824067238],[-80.11976355768779,26.181266484900558],[-80.119775324754016,26.181154514760816],[-80.119784800306704,26.181042369941533],[-80.119791981100533,26.180930083819284],[-80.119796864829638,26.180817697899553],[-80.119799449208372,26.180705250980083],[-80.119799735979527,26.180592778272821],[-80.119797719829521,26.180480322167142],[-80.119569350345316,26.172365383192457],[-80.119565822037842,26.172239991709027],[-80.119561410920213,26.172125595604516],[-80.119554620450046,26.172011294158875],[-80.119545453329906,26.171897128005003],[-80.119533912269034,26.171783136873188],[-80.119520000970212,26.171669361402241],[-80.119503725143247,26.171555841340574],[-80.119485089484201,26.171442618235439],[-80.119464187851008,26.171329715224932],[-80.119444164310622,26.171232547038741],[-80.119441034785737,26.171217460940394],[-80.119415363924318,26.171105362741841],[-80.119387366071408,26.17099372055301],[-80.119357049950551,26.17088257233485],[-80.119324426292422,26.170771955157999],[-80.119289506780191,26.170661912416801],[-80.119252304151516,26.170552480291338],[-80.119212831116599,26.170443698571773],[-80.119171100412728,26.170335603437973],[-80.11912712874387,26.170228235606913],[-80.119080930854111,26.170121630367944],[-80.11903252346066,26.170015826632827],[-80.118981922287006,26.169910862404478],[-80.118929146070712,26.169806773899086],[-80.118874214542458,26.169703598241362],[-80.118817144445757,26.169601370732533],[-80.118757958511438,26.169500128515551],[-80.118696675482852,26.169399906903752],[-80.118633319110984,26.169300740338436],[-80.11856791012552,26.169202665950142],[-80.118500472290421,26.169105716374979],[-80.118431027348691,26.169009926944394],[-80.11744108837253,26.167671981573385],[-80.117091398243488,26.167199465507821],[-80.117087401985017,26.167194065165948],[-80.11708674749751,26.167193180223006],[-80.113230204575999,26.167279649575789],[-80.104108528107034,26.167484172820064],[-80.10410995599517,26.167469047989826],[-80.104846161823545,26.159667642315814],[-80.105441026692702,26.155455994615938],[-80.105821739723993,26.153730885159508],[-80.10634522210303,26.152802895571291],[-80.106444534432384,26.152654555278691],[-80.105648848092642,26.15266625665031],[-80.102555546625354,26.152618667165491],[-80.100454193311407,26.152618667085129],[-80.100448313816628,26.152703556016771],[-80.100254023771654,26.153637126503828],[-80.100101549783275,26.154369761432669],[-80.099722424825103,26.156328754713318],[-80.099489749108471,26.157897662012985],[-80.099135459869672,26.159919395963104],[-80.099130883525447,26.159940824593431],[-80.09873569671359,26.161791260211821],[-80.098732067478366,26.161808252205134],[-80.098397892052901,26.163465415804172],[-80.098159621591051,26.164919722691135],[-80.098132793741371,26.165083463859887],[-80.097936115389842,26.166475490105636],[-80.097855485476941,26.167170633304835],[-80.097812758546638,26.167539001624167],[-80.097808774329465,26.167573352638026],[-80.097804583238542,26.16760768069302],[-80.097799506078033,26.167649269031376],[-80.097764637190821,26.167934903855858],[-80.097752958973047,26.168313277825614],[-80.097733189139888,26.168827525433255],[-80.097732948822184,26.168833796915273],[-80.097721756535904,26.169124312333874],[-80.097705979989513,26.169342064842244],[-80.097697958648553,26.169453476080282],[-80.09766714894765,26.169881380511967],[-80.097627673882457,26.170429976108057],[-80.097614035268407,26.170617479992313],[-80.097567523963974,26.170966234535342],[-80.097506074441398,26.171425150108394],[-80.097491909366283,26.171530938467789],[-80.097420532840488,26.172064890632853],[-80.097387984838122,26.172307813907008],[-80.097336026210385,26.172621284451225],[-80.097247903807641,26.173152209735424],[-80.097159379912483,26.173685537789197],[-80.097071848416732,26.174213543082853],[-80.096978930695713,26.174772807183313],[-80.096958143747258,26.174898711364726],[-80.096853954443233,26.175313128689179],[-80.096713778709372,26.175872095958464],[-80.096574589258793,26.176426599601591],[-80.096443069327648,26.176950028183711],[-80.096439834267187,26.176974424659246],[-80.096366617046883,26.177523322764866],[-80.096293611662347,26.178069816714892],[-80.096277686699636,26.178189124451176],[-80.096236365256928,26.178498727556825],[-80.096221611161752,26.178609265876034],[-80.096172861596017,26.178975197862478],[-80.096154492018115,26.179157858119822],[-80.096099576264081,26.179705668564395],[-80.096043429040151,26.180264818520591],[-80.096020594136704,26.180492123291916],[-80.095990174179008,26.180794928700745],[-80.09597292169579,26.180906755493343],[-80.095846920530974,26.181726476362879],[-80.095762653400257,26.182053554159758],[-80.095743782586553,26.182126799606475],[-80.095739457306138,26.182170962150952],[-80.095734270829098,26.182223923110204],[-80.095733281498653,26.182234029470404],[-80.095728978977988,26.182277963802459],[-80.096025935746738,26.182276381579968],[-80.096075329333942,26.182276118697768],[-80.097499195186728,26.182268523483273],[-80.09749937325536,26.182268522794832],[-80.097531259913694,26.182268351799483],[-80.097531437982326,26.182268351110995],[-80.103213268639863,26.182237902819374],[-80.103213446708637,26.182237902123845],[-80.103283982747627,26.182237523011924],[-80.103326577681955,26.182237293801283],[-80.103326754750441,26.182237293099409],[-80.103316966311866,26.182390466182063]]]},"properties":{"OBJECTID":134,"DISTRICTID":null,"NAME":null,"AGENCY":"WM (Waste Management)","AGENCYURL":"https://gyr.fortlauderdale.gov/greener-government/recycling-waste-reduction/solid-waste-yard-waste-recycling-services/residential-curbside-pick-up-garbage-yard-waste-bulk-and-recycling","CONTACT":"Fort Lauderdale Customer Service","PHONE":"954-828-8000","EMAIL":"customerService@fortlauderdale.gov","SUBTYPEFIELD":7,"SCHEDULE":"Monthly","DESCRIPT":null,"MONDAY":"No","TUESDAY":"Yes","WEDNESDAY":"No","THURSDAY":"No","FRIDAY":"No","SATURDAY":"No","SUNDAY":"No","WEEKONE":"No","WEEKTWO":"No","WEEKTHREE":"No","WEEKFOUR":"Yes","BULKDAY":"4th Tuesday","RECYCLDAY":null,"TRASHDAY":null,"YARDDAY":null,"DAY":"Tuesday","WEEK":"4th","created_user":"CARLOSCR","created_date":1605713376000,"last_edited_user":"CARLOSCR","last_edited_date":1690747321000,"GlobalID":"{E8D4DD32-293C-43FC-A6A1-C55203A370B1}"}},{"type":"Feature","id":137,"geometry":{"type":"Polygon","coordinates":[[[-80.186200825167404,26.121324674364136],[-80.188150937973305,26.121279488846074],[-80.188151115977163,26.121279484432982],[-80.190113655184106,26.121233982173347],[-80.190113833187894,26.121233977757825],[-80.19403733666276,26.121143026778608],[-80.194039424678266,26.121142978880972],[-80.194039602688093,26.121142973557998],[-80.197247189691595,26.121072546426426],[-80.198597439573348,26.121042878376151],[-80.198597617558349,26.121042876657842],[-80.198597627001504,26.121042518374704],[-80.198600950943003,26.120904976588932],[-80.198600772958216,26.120904978307255],[-80.198399553732017,26.12090947371383],[-80.198388649643405,26.120503849348268],[-80.198388471653075,26.120503851968909],[-80.19838842664943,26.120503853523893],[-80.198114499940232,26.120512072738109],[-80.19811435596182,26.120512072839784],[-80.198114320962418,26.120512073547694],[-80.198114872964268,26.120532567639607],[-80.198125186363157,26.120915609967934],[-80.197742567852373,26.120924162498142],[-80.197742389892227,26.120924160605096],[-80.197730626583947,26.12092358787039],[-80.19772850374784,26.120923171687036],[-80.197718932816258,26.120921324033414],[-80.19770777503895,26.120917439385856],[-80.197697428577541,26.120912026623792],[-80.197694260954847,26.120909699218284],[-80.197688147477862,26.120905219844801],[-80.197680160574549,26.120897184597489],[-80.197676487112346,26.120892063510571],[-80.197673667485631,26.120888118761812],[-80.197673257198772,26.120887291493986],[-80.197668819622294,26.12087825154066],[-80.197665746356577,26.120867818332513],[-80.19766547161197,26.120865444748063],[-80.197664714147095,26.120858795528004],[-80.197664521898275,26.120857079501764],[-80.197655969785984,26.120539613356808],[-80.197647847787152,26.120237934411811],[-80.1979597205072,26.120231091569533],[-80.197961751697449,26.12028608256859],[-80.197961935698601,26.12028607817669],[-80.199249060718515,26.120257828958707],[-80.199264241619034,26.120820922739085],[-80.199263408264045,26.120832874968041],[-80.199260292384579,26.120844514851655],[-80.199258959881774,26.120847258601174],[-80.199255915391404,26.120853559047863],[-80.199254984362668,26.120855490874423],[-80.199252951819972,26.120858256008216],[-80.199252683372549,26.120858620976158],[-80.19925204854863,26.120859489369785],[-80.199248678829193,26.120864070345196],[-80.199248110681779,26.120864838017017],[-80.199247646468464,26.120865466361806],[-80.199247141253579,26.120865949158844],[-80.199245779595159,26.12086724947488],[-80.199238507651998,26.120874150140164],[-80.199227838775727,26.120881263002442],[-80.199215964187644,26.120886600052767],[-80.199203243958408,26.120889996308563],[-80.199190062723545,26.120891350106405],[-80.199190240708333,26.120891348387357],[-80.199190305720634,26.120891345138102],[-80.199200323806437,26.120891110152304],[-80.199200501809671,26.120891105725519],[-80.199200940812759,26.12089109552781],[-80.199360644268992,26.120887336015738],[-80.199360822272226,26.120887331588762],[-80.199448079061369,26.120885278070382],[-80.199448881063418,26.120885259959188],[-80.199449058054526,26.120885257331686],[-80.199428090940003,26.120107106529218],[-80.19938683628132,26.118575997567572],[-80.199387670613291,26.118564043533929],[-80.19939078943726,26.118552400048578],[-80.199396097348725,26.118541422209489],[-80.199403436104163,26.118531443102917],[-80.199412581689302,26.118522763858564],[-80.199423254347963,26.118515649192126],[-80.199435134676989,26.118510313053068],[-80.19944785962096,26.118506919505045],[-80.19944825782666,26.118506879293772],[-80.199461044565894,26.118505568406846],[-80.20049611336556,26.118481565316365],[-80.200496291340556,26.118481564498204],[-80.200487317969731,26.118148621617291],[-80.200484457089942,26.118042450779033],[-80.200485029084746,26.118042436801748],[-80.200485069082362,26.118042436120959],[-80.200485246075345,26.118042432589519],[-80.200941260241265,26.118032414652856],[-80.200941438221747,26.118032412931544],[-80.200871992945622,26.11545654649272],[-80.200871960728378,26.115456138334579],[-80.200737323804972,26.113748781763061],[-80.200730345374183,26.113628675209981],[-80.200726147826529,26.113556419685178],[-80.200688780325834,26.112387191885951],[-80.200777159436768,26.112384859348399],[-80.201095995390574,26.112376444000716],[-80.201096173362473,26.112376442279004],[-80.201096165788726,26.112376085706074],[-80.201011098796982,26.109750211030335],[-80.200994495834891,26.109237700799909],[-80.200987551299875,26.109023321227099],[-80.200982917531618,26.108858305581965],[-80.20098288867139,26.1088574037142],[-80.200979968186616,26.108767286247211],[-80.200901852062813,26.106355700637959],[-80.197662158259618,26.106452959919974],[-80.193450511580181,26.106619522575748],[-80.193419320742535,26.1066203057884],[-80.187763597950479,26.106762290390435],[-80.185931412761178,26.106857468422092],[-80.186052102856422,26.114038567762762],[-80.186074179614792,26.115352146360834],[-80.186200825167404,26.121324674364136]]]},"properties":{"OBJECTID":137,"DISTRICTID":null,"NAME":null,"AGENCY":"WM (Waste Management)","AGENCYURL":"https://gyr.fortlauderdale.gov/greener-government/recycling-waste-reduction/solid-waste-yard-waste-recycling-services/residential-curbside-pick-up-garbage-yard-waste-bulk-and-recycling","CONTACT":"Fort Lauderdale Customer Service","PHONE":"954-828-8000","EMAIL":"customerService@fortlauderdale.gov","SUBTYPEFIELD":7,"SCHEDULE":"Monthly","DESCRIPT":null,"MONDAY":"No","TUESDAY":"Yes","WEDNESDAY":"No","THURSDAY":"No","FRIDAY":"No","SATURDAY":"No","SUNDAY":"No","WEEKONE":"No","WEEKTWO":"Yes","WEEKTHREE":"No","WEEKFOUR":"No","BULKDAY":"2nd Tuesday","RECYCLDAY":null,"TRASHDAY":null,"YARDDAY":null,"DAY":"Tuesday","WEEK":"2nd","created_user":"CARLOSCR","created_date":1605713376000,"last_edited_user":"CARLOSCR","last_edited_date":1690747320000,"GlobalID":"{E2A2FE51-5807-4DFC-8288-C2830B9162FE}"}},{"type":"Feature","id":142,"geometry":{"type":"Polygon","coordinates":[[[-80.153163049869804,26.099948885214129],[-80.153164688891323,26.100082472233762],[-80.153218888830267,26.104499760941948],[-80.1532537030984,26.107337184174661],[-80.153258228370021,26.107337113265668],[-80.153264801520947,26.10733698127061],[-80.158932611165071,26.107222645244846],[-80.159003516519874,26.10677357962831],[-80.159265256780188,26.106059740893304],[-80.159669765357322,26.105512464499231],[-80.159883916560574,26.104798626885927],[-80.160002889647885,26.104084787785332],[-80.160026684613669,26.103656484883516],[-80.160026684857129,26.103156798006147],[-80.160098068762622,26.102633316246823],[-80.160645345298676,26.10039662217099],[-80.160740522404751,26.099873141082842],[-80.160695281701024,26.099835315878298],[-80.160717896509027,26.099202071693778],[-80.161288967161141,26.09908309857919],[-80.162288341456474,26.099130688079921],[-80.163216331060752,26.09905930279929],[-80.164263293700472,26.098868945997499],[-80.165048516613453,26.09863100025925],[-80.165690972292737,26.098631000049149],[-80.166262042113345,26.099083098187318],[-80.167142443529556,26.098821356862285],[-80.167713514960113,26.098321670055878],[-80.168792509615059,26.097014426904931],[-80.16882559514481,26.09697434231234],[-80.168950834767145,26.096822609016364],[-80.168932969226645,26.096340249199145],[-80.168831861317486,26.093610336158218],[-80.168763112417764,26.09308326741154],[-80.168720228776536,26.092754496281461],[-80.16868909291189,26.092515783746613],[-80.16867344352454,26.092300612005804],[-80.168605426782889,26.0913653735137],[-80.168593914763292,26.091207079964132],[-80.168474942076628,26.089470072992366],[-80.168473982688866,26.089436529244836],[-80.168465496527347,26.089139531210421],[-80.168451146490114,26.088637261556215],[-80.169398736636666,26.08843776922166],[-80.169395304319153,26.088287105891322],[-80.169393911040615,26.088225928986994],[-80.169348040176573,26.086212033268147],[-80.169340121028554,26.085864422784205],[-80.169330753074703,26.085453029205848],[-80.169294366030144,26.083855584422821],[-80.169293795827443,26.083830591503457],[-80.169259964850525,26.082345002512245],[-80.1692520404942,26.081997164363099],[-80.169225501901138,26.080832028931933],[-80.16922532297815,26.080832030609685],[-80.169224878128034,26.080832040685177],[-80.169224700185424,26.080832045076416],[-80.169224660206908,26.080832044846243],[-80.165076779315839,26.080927299522976],[-80.165054189857031,26.080927817797708],[-80.165054011914293,26.080927822183771],[-80.160755555988487,26.081026407383369],[-80.160755377065442,26.081026409050615],[-80.160756106483547,26.081094834610042],[-80.160756425104282,26.081124718212266],[-80.160756435345945,26.081125384396749],[-80.152696567377617,26.081428195478967],[-80.15269639044007,26.081428198953081],[-80.144511496731894,26.081476136778623],[-80.14447757409495,26.08147633461688],[-80.144477482149753,26.081471933868109],[-80.144477303232975,26.081471934612569],[-80.143314282701752,26.081487687406263],[-80.143314104771292,26.081487689960351],[-80.143279576465233,26.081488158313181],[-80.14036749682478,26.081527559578287],[-80.140367219671006,26.081516242867536],[-80.140367013336473,26.081507819428555],[-80.140366835419215,26.081507820173893],[-80.140145171057455,26.081508264096097],[-80.140144993140225,26.08150826484113],[-80.140141439845351,26.081508272551268],[-80.139799296445133,26.081508959259295],[-80.139770368265005,26.081372572856338],[-80.1394335555661,26.081460468600532],[-80.140290161045499,26.084292028266113],[-80.142050963250739,26.09271532121701],[-80.15064082008486,26.092643937657236],[-80.151782961424544,26.092596348927074],[-80.152853719482195,26.092501169907319],[-80.153047631179462,26.097169963956805],[-80.153163049869804,26.099948885214129]]]},"properties":{"OBJECTID":142,"DISTRICTID":null,"NAME":null,"AGENCY":"WM (Waste Management)","AGENCYURL":"https://gyr.fortlauderdale.gov/greener-government/recycling-waste-reduction/solid-waste-yard-waste-recycling-services/residential-curbside-pick-up-garbage-yard-waste-bulk-and-recycling","CONTACT":"Fort Lauderdale Customer Service","PHONE":"954-828-8000","EMAIL":"customerService@fortlauderdale.gov","SUBTYPEFIELD":7,"SCHEDULE":"Monthly","DESCRIPT":null,"MONDAY":"No","TUESDAY":"No","WEDNESDAY":"No","THURSDAY":"Yes","FRIDAY":"No","SATURDAY":"No","SUNDAY":"No","WEEKONE":"Yes","WEEKTWO":"No","WEEKTHREE":"No","WEEKFOUR":"No","BULKDAY":"1st Thursday","RECYCLDAY":null,"TRASHDAY":null,"YARDDAY":null,"DAY":"Thursday","WEEK":"1st","created_user":"CARLOSCR","created_date":1605713376000,"last_edited_user":"CARLOSCR","last_edited_date":1690747319000,"GlobalID":"{2A95E9EC-E729-492A-AD82-289B092EB784}"}},{"type":"Feature","id":144,"geometry":{"type":"Polygon","coordinates":[[[-80.16854060252318,26.151325019035479],[-80.170590688159521,26.151321679071504],[-80.178085992173479,26.151131322605718],[-80.182821120300943,26.150893376123232],[-80.186818615998035,26.150774402977419],[-80.187077514735705,26.150622783794159],[-80.18702382555945,26.150576138396769],[-80.186985155175094,26.148936580917987],[-80.186979930553832,26.148358868840717],[-80.18697930465207,26.148055469511974],[-80.186978964379918,26.147890392198576],[-80.18705589603141,26.147889419239025],[-80.187044049986753,26.147888716949979],[-80.187032301821077,26.147886301167819],[-80.187021121046016,26.147882247653413],[-80.1870107879909,26.147876656372883],[-80.187001560727666,26.147869664173527],[-80.186993670058101,26.147861446560771],[-80.186987312576207,26.147852208632901],[-80.186982648686779,26.14784218236203],[-80.186979792661475,26.147831618414532],[-80.186978817645112,26.147820785276629],[-80.186977344355157,26.147105503162109],[-80.186981521035108,26.147105447306632],[-80.186981699053135,26.147105446506163],[-80.186976528651456,26.146885775895381],[-80.186977082664185,26.14687711944071],[-80.186979134475806,26.1468686510579],[-80.186982635658808,26.146860576267258],[-80.186987498790899,26.146853099466298],[-80.186993603586473,26.146846405009818],[-80.187000797890406,26.146840658117988],[-80.187008901684536,26.146836003996551],[-80.187017716175433,26.146832555251425],[-80.18702702073162,26.146830400897713],[-80.18703658499031,26.146829591083662],[-80.187032539458585,26.146692067379576],[-80.187032360491173,26.146692060953942],[-80.187021983501495,26.146691382300254],[-80.187011721964836,26.146689051629679],[-80.187002058300791,26.146685157412318],[-80.186993286729802,26.146679815036997],[-80.186985673164997,26.146673183960353],[-80.186979441242983,26.146665463115017],[-80.186974784343022,26.14665688826965],[-80.186971840711351,26.146647713836341],[-80.186970699405165,26.146638221027683],[-80.186960157383226,26.146190110741944],[-80.186951889455003,26.145838715549978],[-80.186931500965827,26.144972318114309],[-80.186923486683426,26.144631810605741],[-80.186902580782174,26.143743409132416],[-80.186902267613021,26.143730152621448],[-80.186891466324965,26.143248766191657],[-80.186885736788724,26.142973704900033],[-80.186870829992301,26.142258406978833],[-80.186857600643634,26.141623455674303],[-80.186857422615162,26.141623459182497],[-80.186857388615707,26.141623458990612],[-80.186691617187549,26.141628445248273],[-80.182629744694069,26.141750594490244],[-80.182629566646568,26.141750600700931],[-80.182629526634628,26.141750602279117],[-80.182629406605088,26.141750606111156],[-80.182629228589008,26.141750607808994],[-80.182633923246485,26.141998371230848],[-80.182634562976574,26.14203215661545],[-80.182697697972614,26.145364229849637],[-80.182698465164393,26.145404699720999],[-80.182676482084943,26.145405399073606],[-80.182657508837735,26.145406002674839],[-80.18265733079096,26.145406007982849],[-80.180707668621494,26.145466776279598],[-80.178604417998756,26.145532331568887],[-80.17858692919728,26.145532879012606],[-80.178586751143982,26.145532885218138],[-80.17858670813699,26.145532885875497],[-80.178544012474219,26.145534213844041],[-80.178543834420893,26.14553422004953],[-80.178535987428845,26.145534442472762],[-80.178535809381842,26.14553444777567],[-80.178535768374886,26.145534448444419],[-80.174556437237143,26.145646577224039],[-80.174556429220971,26.145646152955013],[-80.174556422204816,26.145645728691726],[-80.174502356607292,26.142388044715997],[-80.174502421612829,26.142388044185889],[-80.174502461625039,26.142388042609948],[-80.174502639660943,26.142388038214481],[-80.177673242815615,26.142317166127384],[-80.178133046669444,26.142306882723734],[-80.178133224705235,26.142306878323797],[-80.178492993034709,26.142298836467113],[-80.178493171051514,26.142298834774397],[-80.1784895155632,26.142066731159769],[-80.17847228189288,26.140970113325068],[-80.178472103878093,26.140970115017804],[-80.178470860667076,26.140970142227644],[-80.178470682633318,26.140970146628074],[-80.178470642627929,26.140970147302568],[-80.1784265739836,26.140971135279965],[-80.178426560784544,26.140970877962719],[-80.178421214650356,26.140631015477179],[-80.17839566461636,26.139004335749927],[-80.178392752084889,26.138818827770145],[-80.17838501578332,26.138325980986085],[-80.178384837772555,26.138325982678804],[-80.177977876774591,26.138332473553884],[-80.177977698757473,26.138332476148658],[-80.177977655753153,26.138332476805921],[-80.177975121490391,26.138332516503468],[-80.177973209740387,26.13821081927551],[-80.177954236008219,26.137002878259526],[-80.17795405800581,26.137002879049209],[-80.174466985738889,26.137043504297235],[-80.174442915192031,26.137043784289897],[-80.174442737183284,26.137043785977799],[-80.174408264962111,26.137044187790092],[-80.17438985274454,26.136362486765883],[-80.174383477645776,26.136126492550783],[-80.174352792132183,26.134990336950604],[-80.174298105620053,26.132679766959782],[-80.174259328548857,26.131247263047531],[-80.174266770525108,26.131247195572055],[-80.174266948518706,26.131247194786724],[-80.174227729878169,26.129794491400943],[-80.174227551874083,26.129794493991422],[-80.174205615128216,26.129795131895772],[-80.174205437105073,26.129795137193909],[-80.174205395097403,26.129795138758404],[-80.174204882057225,26.129795150260289],[-80.1741967309665,26.129493248333333],[-80.174186016967596,26.129096384959528],[-80.174183412470782,26.128999941208992],[-80.174198467268482,26.128999501256349],[-80.174198645265008,26.128999499568483],[-80.174162059301594,26.126896662100478],[-80.174161881359012,26.126896656567837],[-80.174138108613661,26.126895265727992],[-80.174137930683798,26.126895258390192],[-80.174117615889216,26.126895103169854],[-80.174117438921115,26.126895101253186],[-80.17411739392125,26.126895101897919],[-80.17411410944618,26.126895075856019],[-80.174049411101564,26.124648041745143],[-80.174047714204164,26.124589191213573],[-80.174047705560696,26.12458885629767],[-80.174047696758535,26.12458854394599],[-80.174047682284026,26.124588042917356],[-80.174039125401777,26.124290863592879],[-80.175899253418592,26.124237339325276],[-80.175851672504407,26.124237614251172],[-80.175851494553072,26.124237610525853],[-80.175803959947984,26.124235703201617],[-80.175803784053301,26.124235691364568],[-80.175779177094697,26.124233564021491],[-80.175777269508387,26.124233396962552],[-80.175756416771506,26.124231597969331],[-80.1757459288756,26.12423020484604],[-80.175709166804936,26.124225320925145],[-80.175700492874896,26.124223757651343],[-80.175672683563633,26.124218747107658],[-80.175662330967256,26.124216881787056],[-80.175654487547263,26.124215088583007],[-80.175648747450495,26.124213781275625],[-80.175633243270681,26.124210240137973],[-80.175625650429666,26.124208502521803],[-80.175617561450977,26.124206651047182],[-80.175616031075933,26.124206304719927],[-80.175570385936069,26.124193615676816],[-80.175560098009527,26.124190229829306],[-80.175548115206595,26.124186287307761],[-80.175525515289038,26.124178849642309],[-80.175509604004631,26.124172768037322],[-80.175493634890017,26.124166663534684],[-80.175481533870595,26.124162042475039],[-80.17543855635283,26.124143239059546],[-80.17543468232239,26.124141319621483],[-80.175405521559426,26.124126860046495],[-80.175396692383174,26.124122487862092],[-80.175378017826361,26.124112082300172],[-80.175363922777692,26.124104227522654],[-80.175363432761245,26.124103953937663],[-80.175356052583211,26.124099840965037],[-80.175336756419682,26.124087825204484],[-80.175316739512269,26.124075359430741],[-80.175278857729012,26.124049104333128],[-80.175271638602155,26.124043558038348],[-80.175252424883226,26.124028774448792],[-80.17524622016839,26.124024005684507],[-80.175245895959819,26.124023756515601],[-80.175242501730125,26.124021145714604],[-80.175234331687136,26.124014181399897],[-80.175231858740261,26.124012083134367],[-80.175207763993313,26.123991556313911],[-80.175197758588865,26.123982114675108],[-80.175189459639526,26.123974285827227],[-80.175185691081111,26.123970732368409],[-80.175181845100184,26.123967098134582],[-80.175174745007283,26.12396040711042],[-80.175167822694974,26.123953174637641],[-80.175165433512973,26.123950681509335],[-80.175157340957909,26.123942223822432],[-80.17515434531019,26.123939096302433],[-80.17515323858018,26.123937939147556],[-80.175149854813071,26.123934408649756],[-80.175143526155864,26.123927784318504],[-80.17514261070265,26.123926726642136],[-80.175139578737131,26.123923218014681],[-80.175137126020473,26.123920375214173],[-80.175131990490314,26.123914422930319],[-80.175131373596741,26.12391370724459],[-80.175125124270821,26.123906465082111],[-80.175122633865556,26.123903578740624],[-80.175117954569828,26.123898154383401],[-80.175114171838175,26.123893772250213],[-80.175111096095961,26.123889805750856],[-80.175110062584295,26.123888473909325],[-80.175103683174342,26.123880249869764],[-80.175102255280066,26.123878410312305],[-80.175097727876746,26.123872571625387],[-80.175091725993582,26.123864835347444],[-80.175088113219445,26.123860171670859],[-80.175086776447927,26.123858455389026],[-80.175081729145177,26.123851188512834],[-80.175075807823191,26.123842659305449],[-80.175074105217902,26.123840214332709],[-80.175073207392373,26.1238389247873],[-80.175069619159615,26.123833756694502],[-80.175062202208593,26.123823067116337],[-80.175061407319674,26.123821927089814],[-80.175061172009876,26.123821548454174],[-80.175058602554515,26.123817389888661],[-80.175048492690095,26.123801043615881],[-80.17504752576626,26.123799484698527],[-80.175046900961021,26.123798472010087],[-80.175038126769607,26.123784283386371],[-80.175031947013395,26.123772974479749],[-80.175020090938673,26.123751282009554],[-80.175016996126374,26.123745618501623],[-80.175008234941131,26.123727301435032],[-80.174998071668639,26.12370603385034],[-80.174991613446849,26.123690384525656],[-80.174984260660977,26.123672554802226],[-80.17498139966375,26.123665632595166],[-80.174979966645324,26.12366153378672],[-80.174967026372556,26.123624518801197],[-80.174966499252406,26.123622695229606],[-80.174964509841061,26.123615815920466],[-80.174963321933788,26.123611696852343],[-80.174960503019392,26.1236019154329],[-80.174954984051794,26.123582797355891],[-80.174949466826916,26.123558733915456],[-80.174945308925601,26.123540577682345],[-80.174944394589645,26.123535233539677],[-80.17494189362958,26.123520613268798],[-80.174940927674314,26.123514931256331],[-80.174938023226801,26.123497968220875],[-80.174937454517178,26.123492955507363],[-80.174935523781414,26.123476015194893],[-80.174934944018716,26.123470867929957],[-80.174933147169355,26.123455080107863],[-80.174932368709861,26.123441495055875],[-80.1749314977328,26.12342613495268],[-80.174930697999429,26.123412019949694],[-80.174922482913985,26.12312692843005],[-80.174903766014182,26.1224769049633],[-80.174903588027504,26.122476906652302],[-80.174902705991258,26.122476929584142],[-80.174902527979228,26.122476934883409],[-80.174867268840742,26.122477949761677],[-80.174599163555555,26.122485668275168],[-80.174599147470033,26.122485253887294],[-80.174579370316721,26.121798119989279],[-80.174692238507845,26.121794871521121],[-80.174635771495744,26.12174497080883],[-80.173969523028333,26.121744970608024],[-80.168777591222081,26.121744971013282],[-80.168758501061532,26.121744971045366],[-80.16683113825512,26.121768766324156],[-80.165807968638035,26.121768766181958],[-80.164689621702763,26.121840150203198],[-80.163785426472089,26.121935328598301],[-80.163084571170657,26.121935329113494],[-80.161691500529471,26.12193532864638],[-80.160430385601018,26.121935328772306],[-80.158812352153916,26.121982917401454],[-80.156171149498476,26.122054302098],[-80.153529946740719,26.122125686162125],[-80.150502587917174,26.122199976166762],[-80.149651424512953,26.122220863858807],[-80.14750990879817,26.122268453144933],[-80.145796695997106,26.122268453208381],[-80.145560116616238,26.122263419860104],[-80.144678348812462,26.122244659392823],[-80.143536208286577,26.122292247545936],[-80.143536610859655,26.122304365547713],[-80.143833640502294,26.131239023883325],[-80.144000202805088,26.131524558815187],[-80.143381542615842,26.132059937646616],[-80.141002081133308,26.134582167024458],[-80.139717171925128,26.13584328167952],[-80.138908153956308,26.136676093879451],[-80.138660643130251,26.136968607893259],[-80.138651253932466,26.136979704268413],[-80.14422189302077,26.136815111522974],[-80.1442356776559,26.136814704185234],[-80.14423656346554,26.136842161996867],[-80.14742662750163,26.136771271815014],[-80.150900642124384,26.136676093419958],[-80.151503233944808,26.136652369340482],[-80.153922557685334,26.136557120365477],[-80.154553115644489,26.136580914391114],[-80.155885614193195,26.136533326053303],[-80.158907530004356,26.136580914474429],[-80.16273846311995,26.136628503467257],[-80.165213103909565,26.136628504123657],[-80.167045289596899,26.136580913953445],[-80.169424751175086,26.136580913880476],[-80.16944854611468,26.139721803582471],[-80.169496135083492,26.140721178278117],[-80.169591313762226,26.141982292017772],[-80.169710285883156,26.143314791336465],[-80.169710285912501,26.144290369447585],[-80.169686492476387,26.145599074283524],[-80.16937716217204,26.147193313354634],[-80.169020243114474,26.148359249715156],[-80.168282609837462,26.150143845568568],[-80.167812073376695,26.151334882188948],[-80.168399535339418,26.151326940398032],[-80.168539525212935,26.151325047115236],[-80.168539703256016,26.151325043630024],[-80.16854060252318,26.151325019035479]]]},"properties":{"OBJECTID":144,"DISTRICTID":null,"NAME":null,"AGENCY":"WM (Waste Management)","AGENCYURL":"https://gyr.fortlauderdale.gov/greener-government/recycling-waste-reduction/solid-waste-yard-waste-recycling-services/residential-curbside-pick-up-garbage-yard-waste-bulk-and-recycling","CONTACT":"Fort Lauderdale Customer Service","PHONE":"954-828-8000","EMAIL":"customerService@fortlauderdale.gov","SUBTYPEFIELD":7,"SCHEDULE":"Monthly","DESCRIPT":null,"MONDAY":"Yes","TUESDAY":"No","WEDNESDAY":"No","THURSDAY":"No","FRIDAY":"No","SATURDAY":"No","SUNDAY":"No","WEEKONE":"No","WEEKTWO":"No","WEEKTHREE":"Yes","WEEKFOUR":"No","BULKDAY":"3rd Monday","RECYCLDAY":null,"TRASHDAY":null,"YARDDAY":null,"DAY":"Monday","WEEK":"3rd","created_user":"CARLOSCR","created_date":1605713376000,"last_edited_user":"CARLOSCR","last_edited_date":1690747320000,"GlobalID":"{61C12905-FD70-44EC-9D19-02E5F1AEE38B}"}},{"type":"Feature","id":145,"geometry":{"type":"Polygon","coordinates":[[[-80.151831920582978,26.153973984834661],[-80.151973941897054,26.153997113528746],[-80.152060589437525,26.154020655300634],[-80.152090843227015,26.154064923532744],[-80.152263320486924,26.154169009266152],[-80.152576043423082,26.154524535479698],[-80.152640146588595,26.154556937741763],[-80.152787237454959,26.154751350831194],[-80.152864810967273,26.155091678660362],[-80.152957640552572,26.155140256433089],[-80.152971502906851,26.155146418768513],[-80.153063400933746,26.155180525055776],[-80.153080515111171,26.155193560834295],[-80.153157994731743,26.155238131836839],[-80.153429304325272,26.155345777709769],[-80.153813992290978,26.15559144307824],[-80.154228255647524,26.155784590162721],[-80.154392190314638,26.155883658943875],[-80.154398451513543,26.154748104338307],[-80.154412812098542,26.154561404954269],[-80.154422245213553,26.154438773753864],[-80.154469834653682,26.153843909547444],[-80.15442224492574,26.151535830870206],[-80.154372239152394,26.150142329087306],[-80.154065326072995,26.141589682197257],[-80.15397003391999,26.138230653296425],[-80.153922557685334,26.136557120365477],[-80.151503233944808,26.136652369340482],[-80.150900642124384,26.136676093419958],[-80.14742662750163,26.136771271815014],[-80.144222810561999,26.136842468431958],[-80.144214354394151,26.136842656493837],[-80.140442907219139,26.13693783455242],[-80.140791721054967,26.147555884314027],[-80.14089679301928,26.150147655202943],[-80.140842737405762,26.151234266106705],[-80.140974926715771,26.151235995075613],[-80.140974977764813,26.151235989061902],[-80.140975105765193,26.151235990727933],[-80.141164847096363,26.151213489562874],[-80.141292383730018,26.151222625187067],[-80.141292481814631,26.1512226149407],[-80.141292562779398,26.151222620838972],[-80.141379745780867,26.151213540575736],[-80.141459576284717,26.151186935838492],[-80.141459992344195,26.151186796610826],[-80.141467183572985,26.151184401561988],[-80.141507636163297,26.151170921406457],[-80.141549092301702,26.151157105136448],[-80.141549613258164,26.151156844683154],[-80.141625802959908,26.15111853584003],[-80.141626204487025,26.151118332440909],[-80.141631832787638,26.151115495725232],[-80.141652030400522,26.151104471729312],[-80.141695945012216,26.151080502312649],[-80.141696478856474,26.151080257279748],[-80.141756032278025,26.151052963805448],[-80.141756436672807,26.15105277847498],[-80.141758951316831,26.151051630011569],[-80.141817332557821,26.15102734961604],[-80.141817916711076,26.151027199655118],[-80.141875047348506,26.151012689617325],[-80.141875642185283,26.15101258304448],[-80.14194449627432,26.151000351480366],[-80.141945045999734,26.151000122787877],[-80.142125262593524,26.150923774235338],[-80.142241692674943,26.150921183113045],[-80.142590697811585,26.150913418314722],[-80.14263932736624,26.15091233674935],[-80.143299780336591,26.151100269196775],[-80.143299872519506,26.151100245374959],[-80.143299958346191,26.151100270255576],[-80.143300531484314,26.151100122028286],[-80.143783558295567,26.150976003350479],[-80.144510271337836,26.151090663194786],[-80.14477330439243,26.151274439825567],[-80.145011585911575,26.151384782663811],[-80.145365802726673,26.151462983817524],[-80.145365914838294,26.151462970041223],[-80.145365980736898,26.151462984873802],[-80.145366558329002,26.151462911580293],[-80.145630627280013,26.151431143522647],[-80.145641544922796,26.151429832725952],[-80.145644391695356,26.151429491281267],[-80.145644922336061,26.15142927329256],[-80.145678325153213,26.151415202263642],[-80.145678734451693,26.151415029587497],[-80.145871612344962,26.151333775396893],[-80.145884872950703,26.151328104488154],[-80.145885281268221,26.151327929097803],[-80.145953158418735,26.151252181251209],[-80.145953885405362,26.151251368711186],[-80.146083451968153,26.151243162405802],[-80.146098045839068,26.151236920816455],[-80.146098454149396,26.151236746328046],[-80.146103802323665,26.151234459262046],[-80.146104130399578,26.151234315888843],[-80.146385697204494,26.151191165516146],[-80.146386247390794,26.151191009919685],[-80.146434534446627,26.151177086495661],[-80.146538303351505,26.151147161127049],[-80.146586264503568,26.151171709847659],[-80.146757555262695,26.151250242476117],[-80.146779557085239,26.151260330271565],[-80.147054473523525,26.151416848860922],[-80.147637825645589,26.15186126190741],[-80.148148643393696,26.152167800585456],[-80.148177585282113,26.152186286371119],[-80.148205287254285,26.152206258617355],[-80.148231655782951,26.152227650882114],[-80.148256603380219,26.152250391343511],[-80.148280041616914,26.152274400050718],[-80.148301896051493,26.152299598940878],[-80.148322089300905,26.152325901810283],[-80.14859111652963,26.152699057614722],[-80.148614556630093,26.152729721133234],[-80.148639802592498,26.15275919306265],[-80.148666779027934,26.152787388112255],[-80.148695406520702,26.152814224577863],[-80.148725603648174,26.152839621646088],[-80.148757278927803,26.15286350656741],[-80.148790342857211,26.152885809311851],[-80.148824692913308,26.152906462480331],[-80.148860234514274,26.152925406844126],[-80.148896859044314,26.152942587604638],[-80.14893446186808,26.15295795269461],[-80.148972931284035,26.152971459031139],[-80.149012153590235,26.152983063519621],[-80.149052014992947,26.152992735701329],[-80.149092397684882,26.15300044689916],[-80.149742950790582,26.153108128337539],[-80.150111372634029,26.15352317733478],[-80.150205111902935,26.153639542803418],[-80.150375069516059,26.153784500870774],[-80.150474400419199,26.153850532388812],[-80.150598007148872,26.153914804339337],[-80.150673703458509,26.153950574832045],[-80.150673881400891,26.153950585810001],[-80.151124049516639,26.153976318397625],[-80.151124226504763,26.153976323051197],[-80.151398746240091,26.153983521613174],[-80.151398924326273,26.153983512733912],[-80.151586093331872,26.153973288754841],[-80.15158627036574,26.153973287089933],[-80.151831920582978,26.153973984834661]]]},"properties":{"OBJECTID":145,"DISTRICTID":null,"NAME":null,"AGENCY":"WM (Waste Management)","AGENCYURL":"https://gyr.fortlauderdale.gov/greener-government/recycling-waste-reduction/solid-waste-yard-waste-recycling-services/residential-curbside-pick-up-garbage-yard-waste-bulk-and-recycling","CONTACT":"Fort Lauderdale Customer Service","PHONE":"954-828-8000","EMAIL":"customerService@fortlauderdale.gov","SUBTYPEFIELD":7,"SCHEDULE":"Monthly","DESCRIPT":null,"MONDAY":"No","TUESDAY":"No","WEDNESDAY":"Yes","THURSDAY":"No","FRIDAY":"No","SATURDAY":"No","SUNDAY":"No","WEEKONE":"No","WEEKTWO":"No","WEEKTHREE":"Yes","WEEKFOUR":"No","BULKDAY":"3rd Wednesday","RECYCLDAY":null,"TRASHDAY":null,"YARDDAY":null,"DAY":"Wednesday","WEEK":"3rd","created_user":"CARLOSCR","created_date":1605713376000,"last_edited_user":"CARLOSCR","last_edited_date":1690747320000,"GlobalID":"{6A5C34F6-100E-45FF-B76E-F03378A72476}"}},{"type":"Feature","id":146,"geometry":{"type":"Polygon","coordinates":[[[-80.121181165633729,26.130203958336477],[-80.121895003565427,26.130251547674384],[-80.122822993092242,26.126896506743751],[-80.122704019734343,26.12313695745102],[-80.123965135337968,26.123017984172375],[-80.124036518579032,26.122684859368171],[-80.124893124632067,26.122708654251962],[-80.129247540414738,26.122661064281356],[-80.134244409582351,26.122542091248665],[-80.135481730246255,26.122542091054147],[-80.137337710071492,26.122423118107331],[-80.143536610859655,26.122304365547713],[-80.143536208286577,26.122292247545936],[-80.144678348812462,26.122244659392823],[-80.145560116616238,26.122263419860104],[-80.145796695997106,26.122268453208381],[-80.14750990879817,26.122268453144933],[-80.149651424512953,26.122220863858807],[-80.150502587917174,26.122199976166762],[-80.153529946740719,26.122125686162125],[-80.156171149498476,26.122054302098],[-80.158812352153916,26.121982917401454],[-80.160430385601018,26.121935328772306],[-80.161691500529471,26.12193532864638],[-80.163084571170657,26.121935329113494],[-80.1630735084712,26.121780444896661],[-80.163025919129922,26.121375936640511],[-80.163359043618257,26.121019017834801],[-80.16369216807233,26.12066209820415],[-80.163692168472252,26.120186205733951],[-80.163406632883195,26.119638930255228],[-80.162787972327436,26.119329599535202],[-80.162169312896026,26.119091654051594],[-80.161883776571841,26.118925091232018],[-80.161526857829941,26.118330225238068],[-80.160860608938762,26.117116700635066],[-80.160122975914064,26.116283888876488],[-80.15938534238218,26.116069737958242],[-80.158909449529432,26.11609353226925],[-80.158171816374207,26.116212505435193],[-80.157719719716894,26.116093531852702],[-80.157386593935584,26.115807996219477],[-80.157362799490912,26.115427282482322],[-80.156863113029004,26.11526071995532],[-80.156173069320332,26.115593844878884],[-80.155530613784563,26.116141121519433],[-80.154983338244691,26.116474245455663],[-80.154412266929754,26.116831164701122],[-80.153888785825472,26.117021522002613],[-80.153508071754757,26.1167597815082],[-80.15348427766358,26.115974558689022],[-80.1532939202568,26.11547487184162],[-80.151937626879402,26.115474871749356],[-80.151654084395972,26.115525909242244],[-80.150747896530987,26.11568902315787],[-80.150624874407157,26.11575985404459],[-80.150157461268137,26.116028971489555],[-80.149962673794903,26.116141121385176],[-80.149265719105273,26.116869756382648],[-80.148915710691909,26.117235674184268],[-80.148809378558383,26.117436524339283],[-80.148487407759831,26.118044690732372],[-80.148344640182813,26.119044064762342],[-80.147987720937181,26.119472367646832],[-80.147345265961235,26.119115448688031],[-80.146750400997533,26.118687145649865],[-80.146226918985263,26.118520582407189],[-80.145751026555089,26.118520582873884],[-80.145434565007449,26.118544977452874],[-80.144955940764419,26.118501465443803],[-80.144146924069744,26.118144546323801],[-80.143409290907002,26.118025573655014],[-80.14157710511617,26.117406913328491],[-80.140363579341567,26.117121378729703],[-80.139007286571214,26.116954816124419],[-80.138174475134207,26.117716243444399],[-80.137508226148682,26.118025573171021],[-80.137229578811514,26.118025573784095],[-80.137198895504653,26.11802557337381],[-80.136723003118306,26.117906601207263],[-80.136270905269839,26.117787628343443],[-80.135509477996791,26.117406913783242],[-80.134795639657014,26.117287940671435],[-80.134010416324159,26.117644859813826],[-80.133415552203559,26.117454502959472],[-80.13313001610139,26.117359324753799],[-80.132202026142963,26.117359325076666],[-80.131535776977699,26.117335529792673],[-80.130940910511526,26.11724035185728],[-80.130512607973529,26.11690722650382],[-80.129584618104076,26.116122005420344],[-80.129180109666493,26.115907853397292],[-80.128513860849594,26.116740665178863],[-80.127371718258104,26.116098210083834],[-80.125729890345724,26.11528919293465],[-80.12396908834333,26.114694327091541],[-80.121542037939975,26.114361203670246],[-80.11975744163226,26.113837721653038],[-80.117972845224543,26.112433839843181],[-80.117940543982129,26.112418904612831],[-80.115759945731654,26.11141067095523],[-80.113951555115349,26.111220314280008],[-80.110953433375613,26.11105375180178],[-80.109775599719512,26.111815179472696],[-80.109014172545159,26.11455156050981],[-80.108800020211675,26.116383746003457],[-80.108990377452585,26.118001779397193],[-80.109704216108668,26.119334278739057],[-80.109590309565959,26.119930787803504],[-80.10925211796544,26.121701842548905],[-80.107753057088175,26.123771974071779],[-80.107110602945852,26.126627328115241],[-80.108800019988394,26.128055004905665],[-80.10985492775545,26.127967264533151],[-80.111353987673567,26.128110032875274],[-80.112829253834008,26.128443156363335],[-80.112948227627157,26.129204585293301],[-80.121038397053681,26.129156995405893],[-80.121181165633729,26.130203958336477]]]},"properties":{"OBJECTID":146,"DISTRICTID":null,"NAME":null,"AGENCY":"WM (Waste Management)","AGENCYURL":"https://gyr.fortlauderdale.gov/greener-government/recycling-waste-reduction/solid-waste-yard-waste-recycling-services/residential-curbside-pick-up-garbage-yard-waste-bulk-and-recycling","CONTACT":"Fort Lauderdale Customer Service","PHONE":"954-828-8000","EMAIL":"customerService@fortlauderdale.gov","SUBTYPEFIELD":7,"SCHEDULE":"Monthly","DESCRIPT":null,"MONDAY":"No","TUESDAY":"No","WEDNESDAY":"No","THURSDAY":"No","FRIDAY":"Yes","SATURDAY":"No","SUNDAY":"No","WEEKONE":"No","WEEKTWO":"Yes","WEEKTHREE":"No","WEEKFOUR":"No","BULKDAY":"2nd Friday","RECYCLDAY":null,"TRASHDAY":null,"YARDDAY":null,"DAY":"Friday","WEEK":"2nd","created_user":"CARLOSCR","created_date":1605713376000,"last_edited_user":"CARLOSCR","last_edited_date":1690747320000,"GlobalID":"{28D70AC6-4CF5-4439-863E-51DFF45FF7FD}"}},{"type":"Feature","id":147,"geometry":{"type":"MultiPolygon","coordinates":[[[[-80.098350602564281,26.211822176646127],[-80.098689327236428,26.211813779664727],[-80.098689686973543,26.211813582448709],[-80.098689690523244,26.211813771110819],[-80.098781954873118,26.211811272488475],[-80.099045314761781,26.211804683136744],[-80.104192396372724,26.21167255096158],[-80.104192574513959,26.211672546655866],[-80.104192360757025,26.211661911982493],[-80.104155561305376,26.209829919938411],[-80.104155410274529,26.209822462749557],[-80.104178343483909,26.20982198824608],[-80.105673213720763,26.209791100676927],[-80.105673391859142,26.209791096369283],[-80.107281495798858,26.209757838269592],[-80.107513692053161,26.208751654661658],[-80.108629506430191,26.204139779184391],[-80.109152987810958,26.202188621122694],[-80.10974785284948,26.200522998410065],[-80.111422309466974,26.196761204336607],[-80.122930316528269,26.196486196542164],[-80.122930070513078,26.19646601586815],[-80.122623192650366,26.189148137782517],[-80.122620740332394,26.189089684672169],[-80.122561126787872,26.187369256164114],[-80.122561037742486,26.187369257426301],[-80.122551063180381,26.18736946286533],[-80.122551036632046,26.187368733410967],[-80.122413758711986,26.183634797018634],[-80.122410034054809,26.183533478418319],[-80.122409854976354,26.183533480034008],[-80.122409794950087,26.183533480570542],[-80.11894119567863,26.183609256495277],[-80.118988053208099,26.183531951353487],[-80.118994529930447,26.183521266434905],[-80.118670834123293,26.183759690901176],[-80.114935079030417,26.189565576767293],[-80.113153499190332,26.189654655806205],[-80.113031509615453,26.189660755387948],[-80.110509280735116,26.189755934081035],[-80.108772273353324,26.18980352391004],[-80.106916293241397,26.189827317575208],[-80.102837640330847,26.189890390206575],[-80.102385350981791,26.196966051547363],[-80.102385261772753,26.19696750866629],[-80.102380455148008,26.196984513169738],[-80.101943599522684,26.198529821522655],[-80.101253177573739,26.200971989518667],[-80.100824786866482,26.202487238431022],[-80.100706632213516,26.202905152734839],[-80.100557840994284,26.20343142734054],[-80.10028741938595,26.204387890613841],[-80.099496822888398,26.207399206861986],[-80.098421599222362,26.211494364065988],[-80.098353659267744,26.211753120228032],[-80.098374448539246,26.21175264765661],[-80.098373573539064,26.211755954650069],[-80.098373127212952,26.211755961779961],[-80.098350602564281,26.211822176646127]]],[[[-80.155626575854654,26.184747024167301],[-80.155626578504382,26.18474707292296],[-80.155555453289097,26.18488622740794],[-80.155649088659032,26.187419430391056],[-80.155650984933104,26.187470708886064],[-80.15565098797164,26.187470842487883],[-80.155732283768501,26.187606649111636],[-80.155732283404163,26.187606699654779],[-80.155746301620155,26.187985952817048],[-80.155083092591383,26.187999749919122],[-80.155082619324361,26.187999759776417],[-80.155082639151033,26.188000478357932],[-80.15508264079368,26.188000528010274],[-80.155082779296237,26.188005458793928],[-80.155090382865183,26.188275275350264],[-80.155090382500575,26.188275325893393],[-80.155089747747866,26.188286072064489],[-80.155089743394811,26.188286120779004],[-80.15508724946271,26.188296645728439],[-80.155087236125794,26.18829669168241],[-80.155082929931822,26.188306732128041],[-80.155076919980601,26.188316085623129],[-80.155072163955722,26.188321361339316],[-80.155252678136776,26.188456747124587],[-80.158176857503392,26.188429671402798],[-80.158117597244342,26.186770394189683],[-80.158238917756762,26.186579749306798],[-80.158186923029461,26.18605980584919],[-80.159192146854636,26.186025142974586],[-80.159140151974228,26.184690622845508],[-80.162537113658615,26.184586633974941],[-80.163075143821032,26.184587694476392],[-80.162989828739285,26.181933722001343],[-80.162989781224695,26.181932251395764],[-80.160020175289773,26.1813614747184],[-80.159829625447188,26.181325847152195],[-80.159638648827539,26.181292136664823],[-80.159447268390295,26.18126034880412],[-80.159255507133736,26.181230483702716],[-80.159063389004501,26.181202548719597],[-80.158870938981877,26.181176546706972],[-80.158678179044117,26.181152480499644],[-80.158485134183266,26.181130351144944],[-80.158291828358628,26.181110164197264],[-80.158098285561849,26.181091920698339],[-80.157904529765005,26.1810756243977],[-80.157710583972275,26.181061274526371],[-80.157516474143293,26.181048876650959],[-80.157322222294823,26.181038428191783],[-80.1571278544059,26.181029932007988],[-80.156933393448085,26.181023391843915],[-80.156930740475602,26.181029374049523],[-80.156926612015781,26.181029234332406],[-80.156869165444107,26.181159234381589],[-80.156869144080289,26.181159283899177],[-80.156720928527463,26.181156059723829],[-80.156568526438164,26.181153955351316],[-80.15656874677417,26.181159894817768],[-80.156561744980408,26.181159797821859],[-80.156631276852579,26.183040674156185],[-80.155571364995978,26.183063951859229],[-80.155571575080174,26.183069641245854],[-80.155564584370282,26.183069795185791],[-80.155578808322574,26.183454696419659],[-80.155580843410021,26.183454651497772],[-80.155580845052882,26.183454701150136],[-80.155807435949384,26.183449724140036],[-80.155807506208518,26.18345163534584],[-80.155821452632694,26.183828933268501],[-80.155600278910015,26.183833791340302],[-80.155599822665565,26.183833801299489],[-80.15559982330808,26.183833850945987],[-80.155600032387071,26.183839541228686],[-80.155593041631221,26.183839695168885],[-80.155626575854654,26.184747024167301]]]]},"properties":{"OBJECTID":147,"DISTRICTID":null,"NAME":null,"AGENCY":"WM (Waste Management)","AGENCYURL":"https://gyr.fortlauderdale.gov/greener-government/recycling-waste-reduction/solid-waste-yard-waste-recycling-services/residential-curbside-pick-up-garbage-yard-waste-bulk-and-recycling","CONTACT":"Fort Lauderdale Customer Service","PHONE":"954-828-8000","EMAIL":"customerService@fortlauderdale.gov","SUBTYPEFIELD":7,"SCHEDULE":"Monthly","DESCRIPT":null,"MONDAY":"No","TUESDAY":"No","WEDNESDAY":"No","THURSDAY":"No","FRIDAY":"Yes","SATURDAY":"No","SUNDAY":"No","WEEKONE":"No","WEEKTWO":"No","WEEKTHREE":"No","WEEKFOUR":"Yes","BULKDAY":"4th Friday","RECYCLDAY":null,"TRASHDAY":null,"YARDDAY":null,"DAY":"Friday","WEEK":"4th","created_user":"CARLOSCR","created_date":1605713376000,"last_edited_user":"CARLOSCR","last_edited_date":1690747320000,"GlobalID":"{F639B772-138B-4562-B6E3-D92A0A458D89}"}},{"type":"Feature","id":149,"geometry":{"type":"Polygon","coordinates":[[[-80.174692238507845,26.121794871521121],[-80.178042281225643,26.121698467164066],[-80.178052133758541,26.121698183063103],[-80.178052311775673,26.12169817685734],[-80.186202908271568,26.121462159472991],[-80.186203902310226,26.121462132591077],[-80.186204080301877,26.121462129985538],[-80.186202282738108,26.121393405277139],[-80.186200486162605,26.121324682378937],[-80.186200825167404,26.121324674364136],[-80.186074179614792,26.115352146360834],[-80.186052102856422,26.114038567762762],[-80.185931412761178,26.106857468422092],[-80.187763597950479,26.106762290390435],[-80.193419320742535,26.1066203057884],[-80.193450511580181,26.106619522575748],[-80.197662158259618,26.106452959919974],[-80.200901852062813,26.106355700637959],[-80.2009018050572,26.106354232732404],[-80.201162159644824,26.106347885685491],[-80.201422515211249,26.106341539075935],[-80.201422693174024,26.106341537353629],[-80.201422675767617,26.106341009229908],[-80.201399181741976,26.105607651310329],[-80.201367532751817,26.104619780450637],[-80.201364014850668,26.104509989025352],[-80.191435579716241,26.104727242049375],[-80.189888928491484,26.104917598251152],[-80.187747413927625,26.105298312764592],[-80.185873501940989,26.105601438568385],[-80.184993100527535,26.1057680000524],[-80.184065110707579,26.105863179363038],[-80.18142390859245,26.10610112550777],[-80.179544134307292,26.106267687080763],[-80.177759537270759,26.106410455931794],[-80.177757072594218,26.106408506687902],[-80.176235940589123,26.106538889147085],[-80.176128030644776,26.106548138173356],[-80.176081010666834,26.106548138507652],[-80.175437986816604,26.106548138550238],[-80.174962093596207,26.106595727931872],[-80.173940421057594,26.106629783268705],[-80.169965224052859,26.106762290128483],[-80.169439054301165,26.106684338799315],[-80.169322769272085,26.106667111583604],[-80.168677140625888,26.106670863718531],[-80.168676390537456,26.106700873760115],[-80.168629551420153,26.108574433011587],[-80.168629550628381,26.1103114394109],[-80.168724729539974,26.111810500504799],[-80.168867497233478,26.114213757026906],[-80.16886749738164,26.117188083884283],[-80.168748524043664,26.119710313797725],[-80.16874852412522,26.121328347118553],[-80.168777591222081,26.121744971013282],[-80.173969523028333,26.121744970608024],[-80.174635771495744,26.12174497080883],[-80.174692238507845,26.121794871521121]]]},"properties":{"OBJECTID":149,"DISTRICTID":null,"NAME":null,"AGENCY":"WM (Waste Management)","AGENCYURL":"https://gyr.fortlauderdale.gov/greener-government/recycling-waste-reduction/solid-waste-yard-waste-recycling-services/residential-curbside-pick-up-garbage-yard-waste-bulk-and-recycling","CONTACT":"Fort Lauderdale Customer Service","PHONE":"954-828-8000","EMAIL":"customerService@fortlauderdale.gov","SUBTYPEFIELD":7,"SCHEDULE":"Monthly","DESCRIPT":null,"MONDAY":"Yes","TUESDAY":"No","WEDNESDAY":"No","THURSDAY":"No","FRIDAY":"No","SATURDAY":"No","SUNDAY":"No","WEEKONE":"Yes","WEEKTWO":"No","WEEKTHREE":"No","WEEKFOUR":"No","BULKDAY":"1st Monday","RECYCLDAY":null,"TRASHDAY":null,"YARDDAY":null,"DAY":"Monday","WEEK":"1st","created_user":"CARLOSCR","created_date":1605713376000,"last_edited_user":"CARLOSCR","last_edited_date":1690747319000,"GlobalID":"{3F9B1625-B54A-4663-AE99-B05BA0DE2F3A}"}}]}