{
  "type": "FeatureCollection",
  "features": [
    {
      "type": "Feature",
      "properties": {
        "CITYNAME": "Coconut Creek",
        "name": "City-wide",
        "schedule_2025": "Weekly bulk pickup",
        "CONTACT": "Coconut Creek Public Works",
        "PHONE": "(954) 973-6700"
      },
      "geometry": {
        "type": "Polygon",
        "coordinates": [
          [
            [
              -80.17069283472061,
              26.32784000327754
            ],
            [
              -80.17763024595713,
              26.327851505897378
            ],
            [
              -80.17907894512598,
              26.327860077341583
            ],
            [
              -80.18447069913978,
              26.327863317991348
            ],
            [
              -80.18548937078539,
              26.327861721004652
            ],
            [
              -80.18638591498137,
              26.32786030731214
            ],
            [
              -80.19009761028445,
              26.327854410286687
            ],
            [
              -80.19010019381895,
              26.327854502504845
            ],
            [
              -80.19010073146683,
              26.327772619711183
            ],
            [
              -80.19010136379147,
              26.32769397230472
            ],
            [
              -80.19006896278347,
              26.3247450953983
            ],
            [
              -80.19045451220836,
              26.32373900284729
            ],
            [
              -80.19044887383411,
              26.323123557844784
            ],
            [
              -80.19044887268448,
              26.323123435087066
            ],
            [
              -80.19062153479369,
              26.323123567814037
            ],
            [
              -80.19062111352167,
              26.323082304781632
            ],
            [
              -80.1906178253602,
              26.32276042891911
            ],
            [
              -80.18961018040162,
              26.322761092013778
            ],
            [
              -80.18961381944999,
              26.323124250338537
            ],
            [
              -80.18866881423091,
              26.32312504779839
            ],
            [
              -80.18865766994898,
              26.322022720602114
            ],
            [
              -80.18913110677114,
              26.322022647858002
            ],
            [
              -80.18960420571466,
              26.322022342384418
            ],
            [
              -80.18960088111517,
              26.32167156109171
            ],
            [
              -80.1895967991603,
              26.32130770791181
            ],
            [
              -80.18973239051739,
              26.321308015724313
            ],
            [
              -80.19463515278414,
              26.321305835323948
            ],
            [
              -80.19463825196459,
              26.321666932042337
            ],
            [
              -80.19363082004561,
              26.3216690643842
            ],
            [
              -80.19363390497479,
              26.322031765764514
            ],
            [
              -80.19464157697962,
              26.322032156621727
            ],
            [
              -80.19464518016358,
              26.322393943001586
            ],
            [
              -80.19466680713673,
              26.324656742454042
            ],
            [
              -80.19466443023319,
              26.32465676069258
            ],
            [
              -80.19465923195519,
              26.324656763082373
            ],
            [
              -80.19465358896271,
              26.324656766584184
            ],
            [
              -80.193660388541,
              26.324657348560443
            ],
            [
              -80.19365352514379,
              26.323998988692566
            ],
            [
              -80.19365281320475,
              26.323930702497698
            ],
            [
              -80.19364902251597,
              26.323567379874017
            ],
            [
              -80.19364566314455,
              26.32324532484362
            ],
            [
              -80.19316027439957,
              26.323245656542685
            ],
            [
              -80.19316813164582,
              26.323999119060595
            ],
            [
              -80.19309456101445,
              26.323999139151777
            ],
            [
              -80.19309870492178,
              26.324376420361894
            ],
            [
              -80.19311830108761,
              26.324376409706076
            ],
            [
              -80.19312123264352,
              26.324376423497366
            ],
            [
              -80.19312275894957,
              26.32437644021075
            ],
            [
              -80.19312428519306,
              26.32437646594958
            ],
            [
              -80.19312581140531,
              26.324376496201165
            ],
            [
              -80.19312733753623,
              26.32437653818584
            ],
            [
              -80.19312886363588,
              26.32437658468322
            ],
            [
              -80.19313038967296,
              26.324376640206054
            ],
            [
              -80.19313191164757,
              26.32437670382928
            ],
            [
              -80.19313343857362,
              26.324376775603582
            ],
            [
              -80.19313496045442,
              26.324376852764964
            ],
            [
              -80.19313648327419,
              26.324376938957457
            ],
            [
              -80.19313800604394,
              26.324377032370297
            ],
            [
              -80.19313952875115,
              26.32437713480862
            ],
            [
              -80.19314105140204,
              26.32437724536981
            ],
            [
              -80.19314257101702,
              26.32437736042684
            ],
            [
              -80.19314409357412,
              26.324377484526252
            ],
            [
              -80.193145613064,
              26.3243776176342
            ],
            [
              -80.19314712951798,
              26.324377755237943
            ],
            [
              -80.19314864890156,
              26.32437790368917
            ],
            [
              -80.19315016523669,
              26.324378058441287
            ],
            [
              -80.19315168154056,
              26.324378217706148
            ],
            [
              -80.19315319375691,
              26.324378388681556
            ],
            [
              -80.19315470994195,
              26.324378565094744
            ],
            [
              -80.1931562230473,
              26.32437875232162
            ],
            [
              -80.19315773312297,
              26.32437894314174
            ],
            [
              -80.19315924312983,
              26.324379143889885
            ],
            [
              -80.19316075209763,
              26.324379350047636
            ],
            [
              -80.193162258981,
              26.324379567927224
            ],
            [
              -80.19316376584564,
              26.324379788514445
            ],
            [
              -80.19316527163369,
              26.324380019926576
            ],
            [
              -80.1931667753811,
              26.32438025674271
            ],
            [
              -80.19316827606755,
              26.324380501664834
            ],
            [
              -80.1931697756962,
              26.324380754704237
            ],
            [
              -80.1931712762701,
              26.324381015872188
            ],
            [
              -80.19317277379558,
              26.324381283341047
            ],
            [
              -80.19317426725857,
              26.3243815589103
            ],
            [
              -80.19317576167309,
              26.324381841705524
            ],
            [
              -80.19317725504226,
              26.32438213081293
            ],
            [
              -80.19317874332864,
              26.3243824307227
            ],
            [
              -80.19318023359938,
              26.3243827333514
            ],
            [
              -80.19318171777951,
              26.324383047679344
            ],
            [
              -80.19318320292993,
              26.324383366525666
            ],
            [
              -80.19318468701624,
              26.324383694391816
            ],
            [
              -80.19318616503699,
              26.32438403034705
            ],
            [
              -80.19318764402801,
              26.324384370820656
            ],
            [
              -80.1931891219362,
              26.32438472302171
            ],
            [
              -80.19319059381631,
              26.324385077896576
            ],
            [
              -80.19319206561514,
              26.324385444504557
            ],
            [
              -80.19319353537959,
              26.324385815613994
            ],
            [
              -80.19319500408622,
              26.324386194840688
            ],
            [
              -80.19319646974444,
              26.3243865803683
            ],
            [
              -80.1931979323417,
              26.32438697400191
            ],
            [
              -80.19319939187804,
              26.32438737574151
            ],
            [
              -80.19320084835346,
              26.32438778558715
            ],
            [
              -80.19320230479134,
              26.324388200848023
            ],
            [
              -80.19320375516365,
              26.324388624198004
            ],
            [
              -80.1932052044969,
              26.324389052957613
            ],
            [
              -80.19320665176453,
              26.324389490731434
            ],
            [
              -80.19320809597747,
              26.324389935708695
            ],
            [
              -80.19320954014663,
              26.32439038700376
            ],
            [
              -80.19321097724867,
              26.32439084638231
            ],
            [
              -80.19321241229133,
              26.32439131387249
            ],
            [
              -80.19321384729649,
              26.324391786777934
            ],
            [
              -80.19321527523451,
              26.324392267766846
            ],
            [
              -80.1932167041303,
              26.32439275507922
            ],
            [
              -80.19321812895112,
              26.324393252297046
            ],
            [
              -80.19321954773763,
              26.324393753091236
            ],
            [
              -80.1932209674694,
              26.324394262013975
            ],
            [
              -80.19322238013406,
              26.32439477902016
            ],
            [
              -80.19322379274243,
              26.32439530414928
            ],
            [
              -80.19322520331019,
              26.32439583468239
            ],
            [
              -80.1932266068296,
              26.324396370591323
            ],
            [
              -80.19322800728807,
              26.324396914606258
            ],
            [
              -80.19322940768402,
              26.32439746764665
            ],
            [
              -80.1932308020394,
              26.324398025165955
            ],
            [
              -80.1932321933276,
              26.324398591693793
            ],
            [
              -80.19323358157364,
              26.32439916362002
            ],
            [
              -80.19323496675875,
              26.324399743652243
            ],
            [
              -80.1932363448955,
              26.324400329060296
            ],
            [
              -80.19323772397753,
              26.324400922596883
            ],
            [
              -80.1932390970065,
              26.32440152241749
            ],
            [
              -80.19324046597923,
              26.32440212943591
            ],
            [
              -80.19324183290513,
              26.32440274276088
            ],
            [
              -80.19324319277013,
              26.324403363266757
            ],
            [
              -80.19324455357415,
              26.324403992803745
            ],
            [
              -80.19324590734857,
              26.324404625008903
            ],
            [
              -80.19324725804333,
              26.3244052680277
            ],
            [
              -80.19324860371155,
              26.32440591372597
            ],
            [
              -80.19324994529231,
              26.32440657113479
            ],
            [
              -80.19325128385591,
              26.32440723033178
            ],
            [
              -80.19325261935862,
              26.324407897634778
            ],
            [
              -80.19325394878948,
              26.32440857392942
            ],
            [
              -80.19325527517817,
              26.32440925562245
            ],
            [
              -80.19325659852471,
              26.324409942713842
            ],
            [
              -80.19325791580567,
              26.324410637894317
            ],
            [
              -80.19325922603828,
              26.32441133845061
            ],
            [
              -80.19326053721616,
              26.32441204713548
            ],
            [
              -80.19326184234724,
              26.324412761201756
            ],
            [
              -80.1932631404237,
              26.324413481546465
            ],
            [
              -80.19326443644705,
              26.324414209100244
            ],
            [
              -80.19326572842043,
              26.324414942949286
            ],
            [
              -80.19326701434699,
              26.3244156821798
            ],
            [
              -80.19326829721264,
              26.32441642951633
            ],
            [
              -80.19326957503304,
              26.32441718223994
            ],
            [
              -80.19327084580505,
              26.324417940339387
            ],
            [
              -80.19327211351617,
              26.324418706544854
            ],
            [
              -80.19327337817886,
              26.324419479051205
            ],
            [
              -80.193274636801,
              26.324420256036483
            ],
            [
              -80.19327588834976,
              26.324421042007778
            ],
            [
              -80.19327713786417,
              26.324421832480517
            ],
            [
              -80.19327838433017,
              26.32442262925418
            ],
            [
              -80.1932796207244,
              26.324423434094385
            ],
            [
              -80.19328085507802,
              26.324424244338637
            ],
            [
              -80.19328208538792,
              26.324425059975578
            ],
            [
              -80.19328330764793,
              26.324425880982723
            ],
            [
              -80.19328452886262,
              26.324426708302052
            ],
            [
              -80.19328574101334,
              26.324427542791035
            ],
            [
              -80.19328695011563,
              26.324428383580926
            ],
            [
              -80.1932881531774,
              26.32442922884973
            ],
            [
              -80.19328935018609,
              26.324430080402546
            ],
            [
              -80.19329054413387,
              26.32443094006135
            ],
            [
              -80.19329173203484,
              26.32443180510168
            ],
            [
              -80.1932929129062,
              26.324432672810136
            ],
            [
              -80.1932940917182,
              26.32443354863025
            ],
            [
              -80.19329526045843,
              26.32443443251693
            ],
            [
              -80.19329642717055,
              26.324435320002515
            ],
            [
              -80.19329758984523,
              26.324436211978288
            ],
            [
              -80.19329874444497,
              26.32443711293446
            ],
            [
              -80.1932998920214,
              26.32443801565625
            ],
            [
              -80.19330103653061,
              26.32443892738659
            ],
            [
              -80.19330217499305,
              26.32443984449841
            ],
            [
              -80.19330330740867,
              26.324440766991707
            ],
            [
              -80.19330443277592,
              26.3244416948608
            ],
            [
              -80.19330555610257,
              26.32444262813392
            ],
            [
              -80.19330667037151,
              26.324443567674138
            ],
            [
              -80.19330778060299,
              26.32444451170453
            ],
            [
              -80.19330888278458,
              26.324445461105107
            ],
            [
              -80.1933099809162,
              26.324446416800992
            ],
            [
              -80.19331107398378,
              26.324447380591614
            ],
            [
              -80.19331216002804,
              26.324448346147875
            ],
            [
              -80.19331324001924,
              26.324449317988144
            ],
            [
              -80.19331431396361,
              26.32445029520987
            ],
            [
              -80.19331538186117,
              26.32445127781307
            ],
            [
              -80.19331644371194,
              26.32445226579774
            ],
            [
              -80.1933174985081,
              26.324453260060775
            ],
            [
              -80.19331854826524,
              26.32445425880838
            ],
            [
              -80.19331959097404,
              26.324455262931785
            ],
            [
              -80.19332062863131,
              26.324456273344847
            ],
            [
              -80.19332165926524,
              26.324457285523557
            ],
            [
              -80.19332268382733,
              26.324458306693913
            ],
            [
              -80.1933237023614,
              26.32445933053812
            ],
            [
              -80.19332471484866,
              26.324460359763776
            ],
            [
              -80.19332571828446,
              26.324461394353968
            ],
            [
              -80.19332671867808,
              26.32446243434254
            ],
            [
              -80.1933277130249,
              26.324463479712605
            ],
            [
              -80.19332869833904,
              26.32446452773958
            ],
            [
              -80.19332967958444,
              26.32446558476946
            ],
            [
              -80.19333065180338,
              26.324466643553727
            ],
            [
              -80.19333161897708,
              26.324467707725088
            ],
            [
              -80.19333257909618,
              26.324468778174833
            ],
            [
              -80.19333353318721,
              26.324469851298403
            ],
            [
              -80.19333447823304,
              26.324470928883986
            ],
            [
              -80.19333542023045,
              26.324472012770496
            ],
            [
              -80.1933363531764,
              26.324473102021553
            ],
            [
              -80.19333728009431,
              26.32447419394644
            ],
            [
              -80.19333819996386,
              26.324475291247158
            ],
            [
              -80.19333911478815,
              26.324476393934965
            ],
            [
              -80.19334041279677,
              26.324477991588935
            ],
            [
              -80.19334129644169,
              26.32447911305556
            ],
            [
              -80.1933421710289,
              26.324480240789256
            ],
            [
              -80.19334303354124,
              26.32448137657829
            ],
            [
              -80.1933438799725,
              26.324482520400057
            ],
            [
              -80.19334471833507,
              26.324483672299692
            ],
            [
              -80.19334554063532,
              26.324484829524405
            ],
            [
              -80.19334634985915,
              26.32448599479881
            ],
            [
              -80.193347145005,
              26.324487168117244
            ],
            [
              -80.19334793109313,
              26.324488347702783
            ],
            [
              -80.19334870110016,
              26.324489535321092
            ],
            [
              -80.1933494590386,
              26.32449073009213
            ],
            [
              -80.19335020191,
              26.32449193109649
            ],
            [
              -80.19335093472839,
              26.324493137459772
            ],
            [
              -80.19335165046414,
              26.32449435185017
            ],
            [
              -80.19335235614061,
              26.32449557250205
            ],
            [
              -80.1933530467438,
              26.324496800289793
            ],
            [
              -80.19335372228622,
              26.32449803340828
            ],
            [
              -80.1933543847647,
              26.324499272771334
            ],
            [
              -80.19335503618862,
              26.32450051748769
            ],
            [
              -80.19335566855183,
              26.324501766609703
            ],
            [
              -80.19335629183855,
              26.324503024706484
            ],
            [
              -80.1933568990817,
              26.324504285420744
            ],
            [
              -80.19335749226563,
              26.324505551471375
            ],
            [
              -80.19335807237312,
              26.324506825571692
            ],
            [
              -80.19335863743235,
              26.324508103197658
            ],
            [
              -80.19335918743704,
              26.324509385251837
            ],
            [
              -80.19335972438407,
              26.324510672648046
            ],
            [
              -80.19336024726562,
              26.32451196628317
            ],
            [
              -80.19336075410985,
              26.324513261633243
            ],
            [
              -80.19336124889169,
              26.324514563233535
            ],
            [
              -80.19336172861276,
              26.32451587016456
            ],
            [
              -80.1933621922715,
              26.324517182420724
            ],
            [
              -80.19336264391163,
              26.324518494609254
            ],
            [
              -80.19336307746757,
              26.324519814819293
            ],
            [
              -80.19336349900489,
              26.32452113496169
            ],
            [
              -80.19336390446112,
              26.32452246313686
            ],
            [
              -80.19336429589566,
              26.324523791233144
            ],
            [
              -80.1933646742725,
              26.32452512467144
            ],
            [
              -80.19336503460269,
              26.324526460715948
            ],
            [
              -80.19336538188767,
              26.324527800297403
            ],
            [
              -80.19336571513846,
              26.324529141605044
            ],
            [
              -80.19336603232063,
              26.32453048914037
            ],
            [
              -80.1933663344858,
              26.324531835688603
            ],
            [
              -80.19336662058238,
              26.324533188464518
            ],
            [
              -80.1933668926635,
              26.32453454025901
            ],
            [
              -80.19336715169946,
              26.324535895590394
            ],
            [
              -80.19336739267621,
              26.324537255333112
            ],
            [
              -80.1933676186422,
              26.3245386131862
            ],
            [
              -80.19336783155052,
              26.324539976381317
            ],
            [
              -80.1933680294168,
              26.324541342199538
            ],
            [
              -80.19336820925515,
              26.32454270791634
            ],
            [
              -80.19336837708116,
              26.32454407266298
            ],
            [
              -80.1933685298401,
              26.3245454436429
            ],
            [
              -80.19336866358833,
              26.324546811808123
            ],
            [
              -80.19336878529917,
              26.324548182613377
            ],
            [
              -80.193368891968,
              26.32454955604173
            ],
            [
              -80.19336897960736,
              26.32455092936302
            ],
            [
              -80.19336905622964,
              26.324552302622333
            ],
            [
              -80.19336911680833,
              26.324553678499136
            ],
            [
              -80.19336916238251,
              26.32455505158376
            ],
            [
              -80.19336919191309,
              26.32455642728586
            ],
            [
              -80.1933692044173,
              26.324557802892166
            ],
            [
              -80.19336920390134,
              26.32455917842522
            ],
            [
              -80.1933691883621,
              26.324560553873727
            ],
            [
              -80.19336915679804,
              26.324561929232093
            ],
            [
              -80.19336911121223,
              26.32456330451156
            ],
            [
              -80.19336904659697,
              26.32456467968397
            ],
            [
              -80.19336896998183,
              26.32456605208111
            ],
            [
              -80.1933688783434,
              26.324567424393713
            ],
            [
              -80.19336877068015,
              26.324568796616177
            ],
            [
              -80.19336864799361,
              26.324570168754086
            ],
            [
              -80.1933685072979,
              26.324571538082928
            ],
            [
              -80.19336835458357,
              26.324572907344145
            ],
            [
              -80.19336818586942,
              26.32457427290503
            ],
            [
              -80.19336800312728,
              26.324575639289545
            ],
            [
              -80.19336780437906,
              26.324577002876282
            ],
            [
              -80.19336759060756,
              26.324578366378464
            ],
            [
              -80.19336736084875,
              26.324579724375212
            ],
            [
              -80.1933671160729,
              26.324581081384892
            ],
            [
              -80.19336685626752,
              26.324582439212598
            ],
            [
              -80.19336658448103,
              26.324583791557362
            ],
            [
              -80.19336629467283,
              26.32458514289818
            ],
            [
              -80.19336598887108,
              26.324586489636086
            ],
            [
              -80.19336567105695,
              26.324587835403822
            ],
            [
              -80.19336533524613,
              26.3245891765574
            ],
            [
              -80.19336498742294,
              26.324590516740788
            ],
            [
              -80.19336462361242,
              26.324591851418738
            ],
            [
              -80.1933642457927,
              26.324593184212674
            ],
            [
              -80.19336385097156,
              26.324594513300664
            ],
            [
              -80.19336344214747,
              26.324595839602082
            ],
            [
              -80.19336302134226,
              26.324597160420605
            ],
            [
              -80.19336258453095,
              26.32459847844134
            ],
            [
              -80.19336213273388,
              26.324599790962235
            ],
            [
              -80.19336166593229,
              26.324601100690987
            ],
            [
              -80.1933611831246,
              26.3246024076219
            ],
            [
              -80.19336068933734,
              26.32460370907555
            ],
            [
              -80.19336017956901,
              26.32460500412122
            ],
            [
              -80.19335965478992,
              26.324606297277253
            ],
            [
              -80.19335911402347,
              26.324607584927826
            ],
            [
              -80.19335856228373,
              26.32460886619859
            ],
            [
              -80.19335799455665,
              26.324610141963905
            ],
            [
              -80.19335741482344,
              26.32461141585648
            ],
            [
              -80.19335681712481,
              26.324612680622177
            ],
            [
              -80.19335620942941,
              26.32461394262385
            ],
            [
              -80.1933555847451,
              26.32461519911447
            ],
            [
              -80.19335494709692,
              26.324616447408854
            ],
            [
              -80.1933542974551,
              26.32461769202544
            ],
            [
              -80.19335363183845,
              26.324618929331503
            ],
            [
              -80.19335295524223,
              26.324620161160272
            ],
            [
              -80.19335226264619,
              26.32462138928867
            ],
            [
              -80.19335155510187,
              26.324622606501972
            ],
            [
              -80.19335083555143,
              26.324623821842575
            ],
            [
              -80.19335010404487,
              26.324625028090068
            ],
            [
              -80.19334935655098,
              26.32462622883211
            ],
            [
              -80.19334859709474,
              26.32462742138358
            ],
            [
              -80.19334782565736,
              26.324628608452134
            ],
            [
              -80.19334703925921,
              26.324629786410704
            ],
            [
              -80.1933462408737,
              26.324630959788895
            ],
            [
              -80.19334542953051,
              26.324632124068366
            ],
            [
              -80.19334460622497,
              26.324633280157258
            ],
            [
              -80.19334376793364,
              26.32463443074633
            ],
            [
              -80.19334291767369,
              26.324635574047402
            ],
            [
              -80.19334205446235,
              26.324636707347192
            ],
            [
              -80.19334118026516,
              26.32463783607225
            ],
            [
              -80.19334029312283,
              26.32463895389346
            ],
            [
              -80.19333939400562,
              26.324640065329238
            ],
            [
              -80.19333847991514,
              26.324641169460083
            ],
            [
              -80.1933375558904,
              26.324642261801444
            ],
            [
              -80.19333661788144,
              26.32464334864862
            ],
            [
              -80.19333566991322,
              26.324644427316514
            ],
            [
              -80.19333471000765,
              26.324645494183653
            ],
            [
              -80.1933337381147,
              26.324646556470434
            ],
            [
              -80.1933327532766,
              26.32464760785336
            ],
            [
              -80.19333175748392,
              26.324648650148845
            ],
            [
              -80.19333074874609,
              26.324649681540475
            ],
            [
              -80.1933297310318,
              26.324650707466116
            ],
            [
              -80.19332870137389,
              26.32465172249352
            ],
            [
              -80.19332765975989,
              26.324652728427832
            ],
            [
              -80.1933266081991,
              26.32465372437778
            ],
            [
              -80.19332554568379,
              26.324654711240225
            ],
            [
              -80.19332447022329,
              26.32465568719882
            ],
            [
              -80.1933233858051,
              26.324656654983787
            ],
            [
              -80.19332228942454,
              26.324657614578193
            ],
            [
              -80.19332118412379,
              26.32465856058367
            ],
            [
              -80.1933200658466,
              26.32465950019803
            ],
            [
              -80.193318938643,
              26.324660427126002
            ],
            [
              -80.19331780348948,
              26.324661344983397
            ],
            [
              -80.1933166553908,
              26.324662251936978
            ],
            [
              -80.19331549835944,
              26.32466314710669
            ],
            [
              -80.19331433136256,
              26.324664034999653
            ],
            [
              -80.19331315344864,
              26.32466490838985
            ],
            [
              -80.1933119655692,
              26.324665774503316
            ],
            [
              -80.19331076975864,
              26.324666628838564
            ],
            [
              -80.1933095640138,
              26.324667471384362
            ],
            [
              -80.19330834932379,
              26.32466830395138
            ],
            [
              -80.19330712567606,
              26.32466912834474
            ],
            [
              -80.19330589211286,
              26.324669938240973
            ],
            [
              -80.19330465061225,
              26.32467073726154
            ],
            [
              -80.19330339917114,
              26.3246715253952
            ],
            [
              -80.1933021397989,
              26.324672301750613
            ],
            [
              -80.19330087047992,
              26.324673068121648
            ],
            [
              -80.19329959525163,
              26.324673820018095
            ],
            [
              -80.19329831106566,
              26.324674563740885
            ],
            [
              -80.19329701695796,
              26.324675293869088
            ],
            [
              -80.19329571491286,
              26.324676013121646
            ],
            [
              -80.19329440593818,
              26.32467672060162
            ],
            [
              -80.1932930890386,
              26.324677415400814
            ],
            [
              -80.1932917651907,
              26.324678101135074
            ],
            [
              -80.1932904324226,
              26.324678773280407
            ],
            [
              -80.19328909374524,
              26.32467943095115
            ],
            [
              -80.19328774612268,
              26.32468007864312
            ],
            [
              -80.19328639257208,
              26.32468071456817
            ],
            [
              -80.19328503310597,
              26.324681336921163
            ],
            [
              -80.19328366369935,
              26.324681948387237
            ],
            [
              -80.19328228938502,
              26.32468254538432
            ],
            [
              -80.1932809081286,
              26.324683132413952
            ],
            [
              -80.19327952096292,
              26.32468370496899
            ],
            [
              -80.19327790489285,
              26.32468435566323
            ],
            [
              -80.19327650289145,
              26.32468490105729
            ],
            [
              -80.19327509796672,
              26.324685434701298
            ],
            [
              -80.19327368409677,
              26.32468595836656
            ],
            [
              -80.19327226634567,
              26.324686463958294
            ],
            [
              -80.19327084065095,
              26.324686959576898
            ],
            [
              -80.1932694120266,
              26.324687444348047
            ],
            [
              -80.1932679765102,
              26.324687911931317
            ],
            [
              -80.19326653806415,
              26.324688368667097
            ],
            [
              -80.19326509468542,
              26.32468881454409
            ],
            [
              -80.19326364440835,
              26.32468924413579
            ],
            [
              -80.19326218820326,
              26.324689661960537
            ],
            [
              -80.19326072908733,
              26.324690066230147
            ],
            [
              -80.19325926706053,
              26.324690456944623
            ],
            [
              -80.19325779909947,
              26.324690836794698
            ],
            [
              -80.19325632824629,
              26.32469120038201
            ],
            [
              -80.19325485146511,
              26.324691552202353
            ],
            [
              -80.19325337177307,
              26.32469189046756
            ],
            [
              -80.19325188917016,
              26.324692215177667
            ],
            [
              -80.19325040264236,
              26.324692528132065
            ],
            [
              -80.19324891421775,
              26.32469282573187
            ],
            [
              -80.19324741886358,
              26.324693111559117
            ],
            [
              -80.19324592161887,
              26.32469338112921
            ],
            [
              -80.1932444234539,
              26.324693638960515
            ],
            [
              -80.19324292036872,
              26.324693884127992
            ],
            [
              -80.19324141638205,
              26.324694114849038
            ],
            [
              -80.19323990948453,
              26.324694332014964
            ],
            [
              -80.1932384006777,
              26.324694535631384
            ],
            [
              -80.19323688796474,
              26.324694724784468
            ],
            [
              -80.1932353753456,
              26.324694900399336
            ],
            [
              -80.19323385679218,
              26.324695065149808
            ],
            [
              -80.19323234135598,
              26.324695213671326
            ],
            [
              -80.1932308240105,
              26.32469534864334
            ],
            [
              -80.19322930275888,
              26.324695469152015
            ],
            [
              -80.19322778158231,
              26.324695578830116
            ],
            [
              -80.19322625751364,
              26.324695672245443
            ],
            [
              -80.19322473352629,
              26.32469575392765
            ],
            [
              -80.19322320964525,
              26.324695820266516
            ],
            [
              -80.19322168285962,
              26.324695872147696
            ],
            [
              -80.19322015915996,
              26.324695912312663
            ],
            [
              -80.19321863256198,
              26.324695937117404
            ],
            [
              -80.19321710606407,
              26.324695947481356
            ],
            [
              -80.19321557963495,
              26.324695947917277
            ],
            [
              -80.19321405333092,
              26.32469593030224
            ],
            [
              -80.19321252709567,
              26.324695902759156
            ],
            [
              -80.19321100097929,
              26.324695858067663
            ],
            [
              -80.19320947495045,
              26.324695800740468
            ],
            [
              -80.1932079520076,
              26.324695731697076
            ],
            [
              -80.19320642918356,
              26.32469564550524
            ],
            [
              -80.19320490642836,
              26.32469554938538
            ],
            [
              -80.19320338379198,
              26.324695436117125
            ],
            [
              -80.19320186425408,
              26.324695309327527
            ],
            [
              -80.1932003447975,
              26.32469517080481
            ],
            [
              -80.1931988284519,
              26.324695016955662
            ],
            [
              -80.19319731318917,
              26.324694851379046
            ],
            [
              -80.19319580004215,
              26.324694669567812
            ],
            [
              -80.19319428997483,
              26.324694476942895
            ],
            [
              -80.19319278000134,
              26.324694270779766
            ],
            [
              -80.19319127415291,
              26.32469404749075
            ],
            [
              -80.19318977038265,
              26.324693813382464
            ],
            [
              -80.1931882667062,
              26.32469356573592
            ],
            [
              -80.19318677014071,
              26.324693303688036
            ],
            [
              -80.19318527566591,
              26.324693029015766
            ],
            [
              -80.19318378229273,
              26.324692739908375
            ],
            [
              -80.19318229402114,
              26.32469243729091
            ],
            [
              -80.19318080683244,
              26.324692122945976
            ],
            [
              -80.19317932475784,
              26.324691793285893
            ],
            [
              -80.19317784677075,
              26.32469145191522
            ],
            [
              -80.19317637190093,
              26.324691094315593
            ],
            [
              -80.19317490312176,
              26.324690725016662
            ],
            [
              -80.19317343443015,
              26.32469034308203
            ],
            [
              -80.19317197483385,
              26.324689949465014
            ],
            [
              -80.19317051535015,
              26.324689539602115
            ],
            [
              -80.19316906195081,
              26.32468911894247
            ],
            [
              -80.19316761465466,
              26.32468868477841
            ],
            [
              -80.19316617046321,
              26.32468823619049
            ],
            [
              -80.19316473335772,
              26.324687776811448
            ],
            [
              -80.19316330135383,
              26.32468730392234
            ],
            [
              -80.1931618724547,
              26.324686816609393
            ],
            [
              -80.193160450654,
              26.3246863167002
            ],
            [
              -80.19315903494395,
              26.324685805091736
            ],
            [
              -80.19315762133084,
              26.324685279956295
            ],
            [
              -80.19315621782711,
              26.324684741338974
            ],
            [
              -80.19315481740934,
              26.324684191005478
            ],
            [
              -80.19315342607437,
              26.324683630794645
            ],
            [
              -80.19315203786293,
              26.324683053452333
            ],
            [
              -80.19315065972332,
              26.32468246804343
            ],
            [
              -80.19314928671034,
              26.3246818655143
            ],
            [
              -80.19314791977548,
              26.32468125309094
            ],
            [
              -80.19314655993281,
              26.32468062897394
            ],
            [
              -80.19314520619332,
              26.32467999135251
            ],
            [
              -80.19314386054133,
              26.324679342945604
            ],
            [
              -80.19314252200029,
              26.32467868013738
            ],
            [
              -80.19314118953739,
              26.32467800743495
            ],
            [
              -80.19313986616979,
              26.324677323050118
            ],
            [
              -80.19313855291156,
              26.324676625183432
            ],
            [
              -80.19313724473618,
              26.324675916514327
            ],
            [
              -80.19313594265144,
              26.32467519614595
            ],
            [
              -80.19313465065105,
              26.324674465905897
            ],
            [
              -80.19313336776472,
              26.324673721275794
            ],
            [
              -80.19313209096279,
              26.324672965848947
            ],
            [
              -80.19313082626086,
              26.3246721987566
            ],
            [
              -80.19312956765579,
              26.324671419062412
            ],
            [
              -80.19312831512262,
              26.324670630376556
            ],
            [
              -80.19312707470192,
              26.3246698282201
            ],
            [
              -80.19312584437183,
              26.32466901528946
            ],
            [
              -80.19312462010737,
              26.324668194269695
            ],
            [
              -80.19312340695383,
              26.324667359773702
            ],
            [
              -80.1931222008925,
              26.324666513584074
            ],
            [
              -80.19312100790768,
              26.324665659344767
            ],
            [
              -80.1931198230291,
              26.324664791612324
            ],
            [
              -80.19311864722081,
              26.324663915807676
            ],
            [
              -80.19311748150314,
              26.324663029228844
            ],
            [
              -80.19311632489953,
              26.324662128259945
            ],
            [
              -80.1931151763459,
              26.324661221920877
            ],
            [
              -80.19311404090004,
              26.324660303019403
            ],
            [
              -80.19311291553855,
              26.324659374246284
            ],
            [
              -80.1931118012817,
              26.324658432899472
            ],
            [
              -80.19311069707794,
              26.324657486193757
            ],
            [
              -80.1931096009867,
              26.324656525092347
            ],
            [
              -80.19310851797195,
              26.324655555941305
            ],
            [
              -80.1931074440275,
              26.324654578718036
            ],
            [
              -80.19310638217677,
              26.32465359073187
            ],
            [
              -80.19310533342129,
              26.324652591988375
            ],
            [
              -80.19310429272203,
              26.324651586972173
            ],
            [
              -80.19310326513056,
              26.32465056939356
            ],
            [
              -80.19310224661561,
              26.324649542840184
            ],
            [
              -80.19310124318028,
              26.324648508248455
            ],
            [
              -80.19310024881524,
              26.32464746558452
            ],
            [
              -80.19309926353924,
              26.32464641214073
            ],
            [
              -80.1930982943319,
              26.324645352469307
            ],
            [
              -80.19309733420735,
              26.324644282920584
            ],
            [
              -80.19309638918742,
              26.3246432017233
            ],
            [
              -80.193095453219,
              26.32464211516145
            ],
            [
              -80.19309452932553,
              26.324641020544316
            ],
            [
              -80.19309361852734,
              26.324639915169875
            ],
            [
              -80.19309272279624,
              26.324638803562177
            ],
            [
              -80.19309183612916,
              26.324637684784808
            ],
            [
              -80.19309096156205,
              26.32463655434196
            ],
            [
              -80.19309009904484,
              26.324635419454044
            ],
            [
              -80.19308925261507,
              26.324634275630817
            ],
            [
              -80.19308841824146,
              26.324633126459943
            ],
            [
              -80.19308759195535,
              26.324631966503606
            ],
            [
              -80.1930867857441,
              26.324630800342163
            ],
            [
              -80.19308598759531,
              26.32462962700544
            ],
            [
              -80.19308520150898,
              26.32462844741852
            ],
            [
              -80.19308443149751,
              26.324627260701433
            ],
            [
              -80.19308367356726,
              26.324626065026486
            ],
            [
              -80.19308293069783,
              26.324624864020834
            ],
            [
              -80.19308220088614,
              26.324623657673158
            ],
            [
              -80.19308148214783,
              26.324622443264566
            ],
            [
              -80.1930807794719,
              26.324621223530865
            ],
            [
              -80.19308008887717,
              26.32461999483933
            ],
            [
              -80.1930794103136,
              26.324618764410367
            ],
            [
              -80.19307874783115,
              26.324617525948657
            ],
            [
              -80.19307809943302,
              26.32461627854039
            ],
            [
              -80.19307746407385,
              26.324615028497774
            ],
            [
              -80.19307684077084,
              26.324613773107494
            ],
            [
              -80.193076233549,
              26.324612509684496
            ],
            [
              -80.19307564036764,
              26.32461124363276
            ],
            [
              -80.19307506324868,
              26.32460997225594
            ],
            [
              -80.19307449820465,
              26.324608692823837
            ],
            [
              -80.19307394519801,
              26.324607410751728
            ],
            [
              -80.19307340826003,
              26.324606122452014
            ],
            [
              -80.19307288537505,
              26.324604829718442
            ],
            [
              -80.19307237853994,
              26.324603533464902
            ],
            [
              -80.19307188376101,
              26.324602231863683
            ],
            [
              -80.19307140403663,
              26.324600925834314
            ],
            [
              -80.19307094036212,
              26.324599616284946
            ],
            [
              -80.19307049174843,
              26.32459830140484
            ],
            [
              -80.19307005517216,
              26.324596983884728
            ],
            [
              -80.1930696336567,
              26.324595661033907
            ],
            [
              -80.19306922818484,
              26.324594335565642
            ],
            [
              -80.19306883677226,
              26.324593004761013
            ],
            [
              -80.19306846139077,
              26.324591673144006
            ],
            [
              -80.19306809805919,
              26.324590337081922
            ],
            [
              -80.19306775078998,
              26.324588995694754
            ],
            [
              -80.1930674205534,
              26.324587653500874
            ],
            [
              -80.19306710334955,
              26.324586309575153
            ],
            [
              -80.19306680121275,
              26.3245849594162
            ],
            [
              -80.19306651208989,
              26.324583610233034
            ],
            [
              -80.19306624003718,
              26.3245822548279
            ],
            [
              -80.19306571720969,
              26.32457979776309
            ],
            [
              -80.19306539399655,
              26.324578453803547
            ],
            [
              -80.1930650487305,
              26.32457711242764
            ],
            [
              -80.19306467637253,
              26.324575778119897
            ],
            [
              -80.19306427993354,
              26.324574449994707
            ],
            [
              -80.19306385839944,
              26.32457312985152
            ],
            [
              -80.19306341280935,
              26.324571812280656
            ],
            [
              -80.19306294209916,
              26.324570506301985
            ],
            [
              -80.19306244732046,
              26.324569204700765
            ],
            [
              -80.19306192846699,
              26.32456790837952
            ],
            [
              -80.19306138749808,
              26.32456662366737
            ],
            [
              -80.19306082243563,
              26.324565346942858
            ],
            [
              -80.19306023327964,
              26.32456407820599
            ],
            [
              -80.19305961902857,
              26.32456281745109
            ],
            [
              -80.19305898366989,
              26.324561567408356
            ],
            [
              -80.1930583232161,
              26.324560325347676
            ],
            [
              -80.19305764264999,
              26.32455909490732
            ],
            [
              -80.19305693897311,
              26.324557875167866
            ],
            [
              -80.19305621218552,
              26.32455666612935
            ],
            [
              -80.19305546328873,
              26.324555467797342
            ],
            [
              -80.1930546932843,
              26.32455428017754
            ],
            [
              -80.19305389815979,
              26.324553104149924
            ],
            [
              -80.1930530849135,
              26.324551941559044
            ],
            [
              -80.19305224753616,
              26.324550792371053
            ],
            [
              -80.1930513910543,
              26.324549653906516
            ],
            [
              -80.19305051344604,
              26.324548528861826
            ],
            [
              -80.19304961472389,
              26.32454741543187
            ],
            [
              -80.193048693855,
              26.324546318123712
            ],
            [
              -80.19304775586595,
              26.324545234257926
            ],
            [
              -80.19304679474112,
              26.324544164703244
            ],
            [
              -80.19304581650235,
              26.324543107688395
            ],
            [
              -80.19304481911526,
              26.3245420677148
            ],
            [
              -80.193043800583,
              26.32454104386869
            ],
            [
              -80.1930427629212,
              26.324540034356207
            ],
            [
              -80.19304171114386,
              26.324539038303044
            ],
            [
              -80.19304063720102,
              26.324538061079288
            ],
            [
              -80.19303954411612,
              26.324537099994302
            ],
            [
              -80.19303843690942,
              26.324536153271126
            ],
            [
              -80.19303731054816,
              26.32453522449178
            ],
            [
              -80.19303616603388,
              26.32453431366193
            ],
            [
              -80.19303500939463,
              26.3245334181077
            ],
            [
              -80.19303383058366,
              26.32453254228549
            ],
            [
              -80.19303263964147,
              26.324531682641457
            ],
            [
              -80.19303143053376,
              26.324530842752015
            ],
            [
              -80.19303020930109,
              26.324530018138177
            ],
            [
              -80.19302896888256,
              26.324529215980924
            ],
            [
              -80.19302771732812,
              26.32452843091005
            ],
            [
              -80.19302644961752,
              26.32452766470246
            ],
            [
              -80.19302516875538,
              26.324526917375064
            ],
            [
              -80.19302387374016,
              26.324526188922224
            ],
            [
              -80.19302256556716,
              26.32452548025214
            ],
            [
              -80.19302124223954,
              26.324524790450976
            ],
            [
              -80.19301990974783,
              26.324524122260197
            ],
            [
              -80.1930185650999,
              26.324523473857777
            ],
            [
              -80.19301720529732,
              26.324522844324303
            ],
            [
              -80.19301583832751,
              26.32452223731503
            ],
            [
              -80.19301445620306,
              26.324521649174685
            ],
            [
              -80.19301306491452,
              26.32452108264472
            ],
            [
              -80.19301166445564,
              26.32452053862767
            ],
            [
              -80.19301025485144,
              26.324520013513382
            ],
            [
              -80.19300883307848,
              26.32451950999257
            ],
            [
              -80.19300740413827,
              26.324519028995944
            ],
            [
              -80.1930059630481,
              26.32451856688516
            ],
            [
              -80.1930045197859,
              26.324518129131867
            ],
            [
              -80.19300306336591,
              26.32451771116132
            ],
            [
              -80.19300160076148,
              26.324517318428263
            ],
            [
              -80.19300013202262,
              26.324516943712286
            ],
            [
              -80.19299865609773,
              26.32451659422819
            ],
            [
              -80.19299717500868,
              26.32451626727953
            ],
            [
              -80.19299568778524,
              26.32451595834801
            ],
            [
              -80.19299419336951,
              26.32451567555089
            ],
            [
              -80.19299269280059,
              26.324515413478515
            ],
            [
              -80.19299119005339,
              26.324515176666168
            ],
            [
              -80.19298968316863,
              26.32451495878475
            ],
            [
              -80.19298817310406,
              26.324514766157716
            ],
            [
              -80.19298665688001,
              26.32451459515801
            ],
            [
              -80.1929851415011,
              26.324514446727587
            ],
            [
              -80.19298361894245,
              26.32451432262647
            ],
            [
              -80.19298209923831,
              26.324514220203387
            ],
            [
              -80.19298057336844,
              26.324514140310136
            ],
            [
              -80.19297905035309,
              26.324514082094932
            ],
            [
              -80.19297752415791,
              26.324514049134116
            ],
            [
              -80.1929759977938,
              26.32451404054207
            ],
            [
              -80.19261897174896,
              26.324514209196167
            ],
            [
              -80.19262420768148,
              26.325021206647065
            ],
            [
              -80.19265651021948,
              26.325021190893825
            ],
            [
              -80.19301771760122,
              26.325021004190926
            ],
            [
              -80.19352753613943,
              26.325020742838138
            ],
            [
              -80.19366418019932,
              26.325020672038942
            ],
            [
              -80.19403629204487,
              26.325020478210902
            ],
            [
              -80.1945461106877,
              26.32502021233294
            ],
            [
              -80.19466156230436,
              26.325019955628886
            ],
            [
              -80.19466665740349,
              26.325020102488427
            ],
            [
              -80.1946682185796,
              26.32502014736145
            ],
            [
              -80.1946709414884,
              26.325020354004558
            ],
            [
              -80.19467016348044,
              26.325019017422058
            ],
            [
              -80.19467026965786,
              26.325019016213332
            ],
            [
              -80.19468806473525,
              26.325018764166234
            ],
            [
              -80.20116347840504,
              26.325017571614836
            ],
            [
              -80.20116938549872,
              26.32560266824745
            ],
            [
              -80.20117605734274,
              26.326187538936505
            ],
            [
              -80.20156580896553,
              26.326187876109195
            ],
            [
              -80.20242495521931,
              26.326187494804493
            ],
            [
              -80.20242794440445,
              26.326288459098674
            ],
            [
              -80.20246575172935,
              26.327490562367164
            ],
            [
              -80.20246836850035,
              26.327578931726883
            ],
            [
              -80.20247088842639,
              26.32766403951262
            ],
            [
              -80.20247635413378,
              26.327848558885396
            ],
            [
              -80.20284607812853,
              26.327848290245726
            ],
            [
              -80.20304415955745,
              26.327848150535573
            ],
            [
              -80.20303928924643,
              26.327578435102897
            ],
            [
              -80.20303744439549,
              26.327482149866512
            ],
            [
              -80.2030323755527,
              26.327217733287938
            ],
            [
              -80.203024660385,
              26.326815217519396
            ],
            [
              -80.20301412061468,
              26.326265093730495
            ],
            [
              -80.20301094353297,
              26.32610006119514
            ],
            [
              -80.20295791578357,
              26.323332881849513
            ],
            [
              -80.20295362654049,
              26.322865493630786
            ],
            [
              -80.20292052677378,
              26.321382755444887
            ],
            [
              -80.20288320093707,
              26.31971812539959
            ],
            [
              -80.20280993939525,
              26.31787455634801
            ],
            [
              -80.2026932929995,
              26.315163217012415
            ],
            [
              -80.20262183084198,
              26.312877695997894
            ],
            [
              -80.20261592398391,
              26.312328343382745
            ],
            [
              -80.20259865336531,
              26.31074708996088
            ],
            [
              -80.20259049425447,
              26.310037218759007
            ],
            [
              -80.2025459509902,
              26.3061425439371
            ],
            [
              -80.2025147276889,
              26.303411506981604
            ],
            [
              -80.2024970440017,
              26.30181514728953
            ],
            [
              -80.20248493168656,
              26.30079934583774
            ],
            [
              -80.2024849290033,
              26.300798128233225
            ],
            [
              -80.20217942495836,
              26.300793543961063
            ],
            [
              -80.20217933775703,
              26.300786095330107
            ],
            [
              -80.2021792505557,
              26.30077864669915
            ],
            [
              -80.20217864670069,
              26.30072730420535
            ],
            [
              -80.20217162944893,
              26.30013113276675
            ],
            [
              -80.20216155625519,
              26.299275116584486
            ],
            [
              -80.20211918505375,
              26.296432918412393
            ],
            [
              -80.20196059000078,
              26.28630915834728
            ],
            [
              -80.2018984312446,
              26.278705240616468
            ],
            [
              -80.20185662452923,
              26.27448229998062
            ],
            [
              -80.20184868702174,
              26.274044143179815
            ],
            [
              -80.20161590698294,
              26.274040750273688
            ],
            [
              -80.19769370797495,
              26.273983822854216
            ],
            [
              -80.19667281246917,
              26.27396986049529
            ],
            [
              -80.19477469197516,
              26.273943179343096
            ],
            [
              -80.19430302466637,
              26.273936177089983
            ],
            [
              -80.19338206413639,
              26.273922753069336
            ],
            [
              -80.19255112354861,
              26.273909370069493
            ],
            [
              -80.19254995401154,
              26.27211478661582
            ],
            [
              -80.1925491143973,
              26.270674077310975
            ],
            [
              -80.19254141635034,
              26.262318031034706
            ],
            [
              -80.19253795447483,
              26.25617884313271
            ],
            [
              -80.19253777706224,
              26.255856195644252
            ],
            [
              -80.19253719035856,
              26.244711813327108
            ],
            [
              -80.19400815296859,
              26.244709572150462
            ],
            [
              -80.19432156001417,
              26.24471151684871
            ],
            [
              -80.19442797106669,
              26.24480952945937
            ],
            [
              -80.19478804289659,
              26.244807663193757
            ],
            [
              -80.19489319919738,
              26.24471135015815
            ],
            [
              -80.19489423958348,
              26.244408733800228
            ],
            [
              -80.19459351015534,
              26.244407891293182
            ],
            [
              -80.19458838183938,
              26.242832450915124
            ],
            [
              -80.19458089787888,
              26.24273666371379
            ],
            [
              -80.19455483729703,
              26.2425460858651
            ],
            [
              -80.19451409831507,
              26.242357612703145
            ],
            [
              -80.19450503475507,
              26.24232183004256
            ],
            [
              -80.19449526729724,
              26.2422876852517
            ],
            [
              -80.1944540028401,
              26.24214947181734
            ],
            [
              -80.19443565929812,
              26.24207693408369
            ],
            [
              -80.19442878074926,
              26.242048404268928
            ],
            [
              -80.19441315367078,
              26.241976441369786
            ],
            [
              -80.19440655994289,
              26.2419426040988
            ],
            [
              -80.19439298148656,
              26.24186399335209
            ],
            [
              -80.19438840167588,
              26.241832749690243
            ],
            [
              -80.19438151782134,
              26.24178060440006
            ],
            [
              -80.19437054261391,
              26.24167587366604
            ],
            [
              -80.19436578346526,
              26.2415877520991
            ],
            [
              -80.1943630009098,
              26.24148397350163
            ],
            [
              -80.19436131098327,
              26.23855686690957
            ],
            [
              -80.19436307004871,
              26.236923716001048
            ],
            [
              -80.19438133114166,
              26.236714228923308
            ],
            [
              -80.19440413897193,
              26.236571676591332
            ],
            [
              -80.19442392828371,
              26.236477323883445
            ],
            [
              -80.19444735590258,
              26.236383652264813
            ],
            [
              -80.19450143208881,
              26.23619789743415
            ],
            [
              -80.19454464870837,
              26.236009873061843
            ],
            [
              -80.19457805084505,
              26.235771771917005
            ],
            [
              -80.19458835445027,
              26.235544026731112
            ],
            [
              -80.19456479450405,
              26.23554278991134
            ],
            [
              -80.19252585232093,
              26.235546441817142
            ],
            [
              -80.192524766137,
              26.23414354532963
            ],
            [
              -80.19065880941959,
              26.233659687424662
            ],
            [
              -80.19065227720027,
              26.23201314484271
            ],
            [
              -80.19065104387393,
              26.23097963737025
            ],
            [
              -80.19246307902239,
              26.23095677250187
            ],
            [
              -80.19244496161744,
              26.229686190934395
            ],
            [
              -80.19242060947288,
              26.22831432920789
            ],
            [
              -80.1924018120031,
              26.22725537290344
            ],
            [
              -80.19238203393854,
              26.226141202836526
            ],
            [
              -80.1923766020134,
              26.225835175578407
            ],
            [
              -80.19219604235433,
              26.215675169521187
            ],
            [
              -80.1921784190463,
              26.214730749343
            ],
            [
              -80.19205310407081,
              26.214879522360633
            ],
            [
              -80.19137398653635,
              26.215687286416802
            ],
            [
              -80.19074257234779,
              26.216431810691844
            ],
            [
              -80.19058344188531,
              26.216618527561288
            ],
            [
              -80.19034331637455,
              26.2169032152953
            ],
            [
              -80.1879177627417,
              26.219762470421657
            ],
            [
              -80.18740310867426,
              26.220487233372225
            ],
            [
              -80.18716449405956,
              26.22085720916684
            ],
            [
              -80.18704721404147,
              26.2210427810588
            ],
            [
              -80.186624278228,
              26.22180817985203
            ],
            [
              -80.18629008766594,
              26.222531359792736
            ],
            [
              -80.18539925661642,
              26.22461379973475
            ],
            [
              -80.18508603793956,
              26.225230796701112
            ],
            [
              -80.18473717147333,
              26.225832000196984
            ],
            [
              -80.18421881774506,
              26.226606630117494
            ],
            [
              -80.18364130053138,
              26.227346840936722
            ],
            [
              -80.18300871503554,
              26.228048526757004
            ],
            [
              -80.18232412405507,
              26.22871915969708
            ],
            [
              -80.18232435802086,
              26.22873106713161
            ],
            [
              -80.18234344262387,
              26.22970412209123
            ],
            [
              -80.18235133272303,
              26.23009062020901
            ],
            [
              -80.18120023419854,
              26.23010355770951
            ],
            [
              -80.1805609644228,
              26.230110233769796
            ],
            [
              -80.17983853680683,
              26.23061736223362
            ],
            [
              -80.17914130922244,
              26.231106749592925
            ],
            [
              -80.17810744866082,
              26.231834319870952
            ],
            [
              -80.17714477396683,
              26.23264337071843
            ],
            [
              -80.17650244732461,
              26.233310734200927
            ],
            [
              -80.17605609341655,
              26.23378778680064
            ],
            [
              -80.1755022150337,
              26.234455880014316
            ],
            [
              -80.17459146976535,
              26.235489195870148
            ],
            [
              -80.17420354098806,
              26.23599385956559
            ],
            [
              -80.17353685930674,
              26.236781428462695
            ],
            [
              -80.17337535087202,
              26.236973001332213
            ],
            [
              -80.17273317871607,
              26.237732127557084
            ],
            [
              -80.17264182304532,
              26.23784095765187
            ],
            [
              -80.1715535723861,
              26.239127020093896
            ],
            [
              -80.17131569513127,
              26.239416119083607
            ],
            [
              -80.17108051769208,
              26.239706532048515
            ],
            [
              -80.17085335334282,
              26.240002111227792
            ],
            [
              -80.17063116949511,
              26.240300318221696
            ],
            [
              -80.17041497433998,
              26.240602380078293
            ],
            [
              -80.17020459847593,
              26.240907913148263
            ],
            [
              -80.17000004755356,
              26.241216689134664
            ],
            [
              -80.16980157072507,
              26.241528862039697
            ],
            [
              -80.16942404649411,
              26.242161573427726
            ],
            [
              -80.1692374156191,
              26.24249448052442
            ],
            [
              -80.16921581513907,
              26.242534519954315
            ],
            [
              -80.16915903525663,
              26.24264217201063
            ],
            [
              -80.16915238412733,
              26.242654735502644
            ],
            [
              -80.16912115328931,
              26.24271416912543
            ],
            [
              -80.16907193485018,
              26.242807193278395
            ],
            [
              -80.16890259553367,
              26.243132600975972
            ],
            [
              -80.16874111527768,
              26.2434609584447
            ],
            [
              -80.16868477403095,
              26.243590393202098
            ],
            [
              -80.16850485309348,
              26.24397358967783
            ],
            [
              -80.16835992968151,
              26.244309071823572
            ],
            [
              -80.16825480516408,
              26.244577077389614
            ],
            [
              -80.16824047143628,
              26.24461459265649
            ],
            [
              -80.16816517619043,
              26.24479924433753
            ],
            [
              -80.16792245551237,
              26.245444577167586
            ],
            [
              -80.16781044296995,
              26.245775205568677
            ],
            [
              -80.16768299739478,
              26.246178649248733
            ],
            [
              -80.1675833985111,
              26.246527155602596
            ],
            [
              -80.16754587179784,
              26.246656010148207
            ],
            [
              -80.16744125278828,
              26.246888178803015
            ],
            [
              -80.16700051065071,
              26.24902681553212
            ],
            [
              -80.16728368780802,
              26.24909241922006
            ],
            [
              -80.16749905342071,
              26.24920791439271
            ],
            [
              -80.16781306530223,
              26.249382821382873
            ],
            [
              -80.1680084044382,
              26.24947817767193
            ],
            [
              -80.1681663758672,
              26.24956085979756
            ],
            [
              -80.16832311012077,
              26.249913067345048
            ],
            [
              -80.16826843831805,
              26.250152477376076
            ],
            [
              -80.16840887991566,
              26.250328977482393
            ],
            [
              -80.16809088521055,
              26.250808501918264
            ],
            [
              -80.16792218162423,
              26.250935222982093
            ],
            [
              -80.16796418815343,
              26.252510694672058
            ],
            [
              -80.167839081466,
              26.252513180445867
            ],
            [
              -80.16693130160749,
              26.254170727066946
            ],
            [
              -80.16695032733796,
              26.2548780960545
            ],
            [
              -80.16696406374899,
              26.255246889964987
            ],
            [
              -80.16696459668125,
              26.255256515541696
            ],
            [
              -80.16698342813822,
              26.255596552760526
            ],
            [
              -80.16701036410585,
              26.255955343994383
            ],
            [
              -80.16701082436343,
              26.255962107946406
            ],
            [
              -80.16707285131386,
              26.256569887347702
            ],
            [
              -80.1671186138134,
              26.256927106183134
            ],
            [
              -80.16718190951288,
              26.257321337970293
            ],
            [
              -80.1672227418107,
              26.257573680008846
            ],
            [
              -80.16726179493583,
              26.257802094956876
            ],
            [
              -80.16734057484295,
              26.258200311991352
            ],
            [
              -80.16734182414717,
              26.25820662380625
            ],
            [
              -80.16734312959652,
              26.25821320401506
            ],
            [
              -80.16735685556968,
              26.258282404625795
            ],
            [
              -80.16746780212395,
              26.258757381755448
            ],
            [
              -80.16751319896575,
              26.258951901526324
            ],
            [
              -80.16752609321549,
              26.259001593290215
            ],
            [
              -80.16757960208065,
              26.25920783231562
            ],
            [
              -80.16765503006025,
              26.25948169111418
            ],
            [
              -80.16766621018405,
              26.259520637558296
            ],
            [
              -80.16766949516968,
              26.259532066200567
            ],
            [
              -80.16767111651147,
              26.259537728500316
            ],
            [
              -80.16781973474927,
              26.260037071464083
            ],
            [
              -80.167900591413,
              26.260322584193496
            ],
            [
              -80.1686468854425,
              26.262961987435578
            ],
            [
              -80.1687330172151,
              26.263328380310533
            ],
            [
              -80.16881635852977,
              26.263694070104894
            ],
            [
              -80.1690167248817,
              26.264802005948976
            ],
            [
              -80.16906680393127,
              26.265173081049003
            ],
            [
              -80.16910883246716,
              26.265499168846013
            ],
            [
              -80.16911467725473,
              26.26554452605194
            ],
            [
              -80.16912214911245,
              26.26563484328873
            ],
            [
              -80.16920724315425,
              26.26666337898881
            ],
            [
              -80.16921731328634,
              26.266927770523623
            ],
            [
              -80.16922136536056,
              26.26703274130167
            ],
            [
              -80.16922144977787,
              26.267034945906122
            ],
            [
              -80.16922153419519,
              26.267037150510568
            ],
            [
              -80.16923336970507,
              26.267410907805985
            ],
            [
              -80.16923361249222,
              26.26742714944718
            ],
            [
              -80.1692338542462,
              26.267443395595276
            ],
            [
              -80.16925769654506,
              26.269043360478015
            ],
            [
              -80.16927747489255,
              26.270373777595022
            ],
            [
              -80.17017516526151,
              26.270495886297947
            ],
            [
              -80.17018621317051,
              26.27049778420778
            ],
            [
              -80.17023065590219,
              26.270505261758867
            ],
            [
              -80.170241708626,
              26.270507045966426
            ],
            [
              -80.17026353224483,
              26.270513362027618
            ],
            [
              -80.17027985877823,
              26.270518118238968
            ],
            [
              -80.17028510693669,
              26.27051906559613
            ],
            [
              -80.17028949501231,
              26.270521015268773
            ],
            [
              -80.17028982974585,
              26.27052110565666
            ],
            [
              -80.17029852097183,
              26.270523432205692
            ],
            [
              -80.17029992550258,
              26.27052386092762
            ],
            [
              -80.17030718057427,
              26.270525841609405
            ],
            [
              -80.17032807320071,
              26.270532151378134
            ],
            [
              -80.1703496392949,
              26.27053892445198
            ],
            [
              -80.17036037929644,
              26.270542310738925
            ],
            [
              -80.17037112029969,
              26.270545697030887
            ],
            [
              -80.17037806118904,
              26.270548358248764
            ],
            [
              -80.17040868418009,
              26.270558830998898
            ],
            [
              -80.17041306132971,
              26.270559924050435
            ],
            [
              -80.1704226158676,
              26.270563188854496
            ],
            [
              -80.17043128829201,
              26.270566330322236
            ],
            [
              -80.17043462146118,
              26.270567537384878
            ],
            [
              -80.17045584494248,
              26.270574766977063
            ],
            [
              -80.17046577347267,
              26.270579219034808
            ],
            [
              -80.17047570100254,
              26.27058367108608
            ],
            [
              -80.17048582137195,
              26.27058916222492
            ],
            [
              -80.17050423319618,
              26.270598294463262
            ],
            [
              -80.17051573794257,
              26.270603388337204
            ],
            [
              -80.17052553264237,
              26.270608641114173
            ],
            [
              -80.17053617742836,
              26.270613593727617
            ],
            [
              -80.17057088493489,
              26.270631827912386
            ],
            [
              -80.17059521006242,
              26.27064396741977
            ],
            [
              -80.17061446165629,
              26.270654394291146
            ],
            [
              -80.17063370890479,
              26.270665433088297
            ],
            [
              -80.17064323764787,
              26.27067063919171
            ],
            [
              -80.17065279231734,
              26.27067585988566
            ],
            [
              -80.17067178801105,
              26.270686515430743
            ],
            [
              -80.1706822214732,
              26.270693313504125
            ],
            [
              -80.17068486222179,
              26.270695034645858
            ],
            [
              -80.17069001219197,
              26.270698389521108
            ],
            [
              -80.17070797286567,
              26.270711561811243
            ],
            [
              -80.17071015981583,
              26.27071318285196
            ],
            [
              -80.17071648967239,
              26.270717867732827
            ],
            [
              -80.1707220695611,
              26.270721865926408
            ],
            [
              -80.17072584908571,
              26.270724503451873
            ],
            [
              -80.17073223676907,
              26.27072922206176
            ],
            [
              -80.17073731784225,
              26.270732974577925
            ],
            [
              -80.1707400278347,
              26.27073481345478
            ],
            [
              -80.1707435587567,
              26.270737214871495
            ],
            [
              -80.17076101144986,
              26.27075030569606
            ],
            [
              -80.17077829704223,
              26.27076324391897
            ],
            [
              -80.17078252037928,
              26.270766401188173
            ],
            [
              -80.17078254826855,
              26.270766421206154
            ],
            [
              -80.17079591737381,
              26.270776413330026
            ],
            [
              -80.17081259956416,
              26.270790722702635
            ],
            [
              -80.17081849063958,
              26.270796717405215
            ],
            [
              -80.17082326731463,
              26.27080104220519
            ],
            [
              -80.17082800719362,
              26.270805332494202
            ],
            [
              -80.170843421266,
              26.270819176928303
            ],
            [
              -80.17084948478536,
              26.27082471411178
            ],
            [
              -80.17085526741236,
              26.270830473514174
            ],
            [
              -80.17086702323677,
              26.270841378757673
            ],
            [
              -80.17087575678501,
              26.270849167065627
            ],
            [
              -80.17088345952979,
              26.270856623586617
            ],
            [
              -80.17089116226913,
              26.27086408100975
            ],
            [
              -80.17090665338802,
              26.270878919629528
            ],
            [
              -80.17091002129786,
              26.270882988982684
            ],
            [
              -80.1709201835413,
              26.27089527500204
            ],
            [
              -80.17092723865714,
              26.270904409298883
            ],
            [
              -80.1709331194272,
              26.270911856198524
            ],
            [
              -80.17096871134041,
              26.270958942952838
            ],
            [
              -80.17104816192523,
              26.271064058382
            ],
            [
              -80.17106024767142,
              26.271081093172487
            ],
            [
              -80.1710647864462,
              26.27108790592367
            ],
            [
              -80.17107215726767,
              26.27109896725268
            ],
            [
              -80.17107837613413,
              26.271111812661264
            ],
            [
              -80.17108109529237,
              26.271117437031148
            ],
            [
              -80.17108435365907,
              26.271124104293452
            ],
            [
              -80.17108602043707,
              26.271127782929536
            ],
            [
              -80.1710899454461,
              26.271136438827597
            ],
            [
              -80.17114319354134,
              26.271258913994924
            ],
            [
              -80.1711644210729,
              26.271307742801504
            ],
            [
              -80.17116888106615,
              26.271319729621077
            ],
            [
              -80.17116985187037,
              26.27132202598925
            ],
            [
              -80.17117028783026,
              26.271323510552506
            ],
            [
              -80.17117165824007,
              26.271327194697356
            ],
            [
              -80.17117890308796,
              26.271345424535518
            ],
            [
              -80.1711835834728,
              26.27136669482291
            ],
            [
              -80.17118539259862,
              26.271374576720714
            ],
            [
              -80.1711856945336,
              26.271375902557658
            ],
            [
              -80.17118810652228,
              26.271386437026088
            ],
            [
              -80.17119155513491,
              26.271402123122403
            ],
            [
              -80.1711925402231,
              26.27140663722703
            ],
            [
              -80.17119492525714,
              26.27141673829836
            ],
            [
              -80.17119714373666,
              26.271426609151252
            ],
            [
              -80.17119892745173,
              26.271436095700324
            ],
            [
              -80.1711995209792,
              26.271438935052345
            ],
            [
              -80.17120132316354,
              26.271446807883972
            ],
            [
              -80.17120476743989,
              26.271463105005726
            ],
            [
              -80.17120550259177,
              26.271467006616582
            ],
            [
              -80.17120651073841,
              26.271472362064483
            ],
            [
              -80.17120926118942,
              26.271486973662764
            ],
            [
              -80.1712115729595,
              26.271507390870365
            ],
            [
              -80.17121283056974,
              26.27152146042228
            ],
            [
              -80.17121329517012,
              26.271527652137436
            ],
            [
              -80.17121335793598,
              26.27152910476086
            ],
            [
              -80.1712136917255,
              26.27153186589357
            ],
            [
              -80.17121476095733,
              26.27154426728136
            ],
            [
              -80.17121525403911,
              26.271547435497382
            ],
            [
              -80.17121546299552,
              26.27154958937156
            ],
            [
              -80.1712167811021,
              26.27156768661192
            ],
            [
              -80.17121680412303,
              26.271567969254274
            ],
            [
              -80.17121743965652,
              26.27157532538966
            ],
            [
              -80.17121816150971,
              26.271583636959477
            ],
            [
              -80.17121847747889,
              26.271587215732296
            ],
            [
              -80.17121862372868,
              26.271588895386763
            ],
            [
              -80.17121870063056,
              26.271590190139214
            ],
            [
              -80.1712198363036,
              26.27160930624864
            ],
            [
              -80.17122127601051,
              26.27162804322176
            ],
            [
              -80.17122138273477,
              26.271629508735117
            ],
            [
              -80.17122005397147,
              26.271650266863414
            ],
            [
              -80.1712190601405,
              26.2716706649881
            ],
            [
              -80.17121747725415,
              26.271689990147646
            ],
            [
              -80.17121744241273,
              26.271690526082676
            ],
            [
              -80.17121685329072,
              26.271701162366917
            ],
            [
              -80.17121631472621,
              26.271711305228397
            ],
            [
              -80.17121481233885,
              26.271731700417032
            ],
            [
              -80.17121397805425,
              26.27174189753166
            ],
            [
              -80.17121314276838,
              26.271752094640508
            ],
            [
              -80.1712120740572,
              26.271760200012345
            ],
            [
              -80.17120974675122,
              26.271782566199647
            ],
            [
              -80.17120904041857,
              26.271792649424377
            ],
            [
              -80.17120634839456,
              26.271813648795877
            ],
            [
              -80.17120504841311,
              26.271823728593468
            ],
            [
              -80.1712037484314,
              26.271833808391033
            ],
            [
              -80.1711989436855,
              26.271853726001176
            ],
            [
              -80.17119371647637,
              26.271873641172185
            ],
            [
              -80.17119215811839,
              26.271879221891485
            ],
            [
              -80.17118725875481,
              26.271897801322222
            ],
            [
              -80.17118376897997,
              26.27191370369675
            ],
            [
              -80.17117971108482,
              26.27192643110387
            ],
            [
              -80.17117662454392,
              26.271938136072993
            ],
            [
              -80.17117479408843,
              26.271944109651297
            ],
            [
              -80.17117255605477,
              26.27195291860718
            ],
            [
              -80.1711671309832,
              26.271969116687643
            ],
            [
              -80.1711629791414,
              26.27198266671026
            ],
            [
              -80.17116006901985,
              26.271992507954586
            ],
            [
              -80.17115699071388,
              26.272002348227847
            ],
            [
              -80.17115100328536,
              26.272022029750875
            ],
            [
              -80.17114809315532,
              26.272031871897397
            ],
            [
              -80.171138890637,
              26.27205076946504
            ],
            [
              -80.1711344586377,
              26.27206006759135
            ],
            [
              -80.1711300246419,
              26.272069364803396
            ],
            [
              -80.17112107683913,
              26.272088342365283
            ],
            [
              -80.17111651843602,
              26.272097676767178
            ],
            [
              -80.1711119590311,
              26.272107011163104
            ],
            [
              -80.17107354339281,
              26.272181146205543
            ],
            [
              -80.17106839349906,
              26.2721901721164
            ],
            [
              -80.17104808763277,
              26.272226926412948
            ],
            [
              -80.17104314869064,
              26.272235992352005
            ],
            [
              -80.17102419245536,
              26.272261597571774
            ],
            [
              -80.17101773299954,
              26.272269928148333
            ],
            [
              -80.17099967377736,
              26.272293841682426
            ],
            [
              -80.17095896220239,
              26.27234587986067
            ],
            [
              -80.17094446526501,
              26.27236369803545
            ],
            [
              -80.17093920708673,
              26.272370348612043
            ],
            [
              -80.170928904098,
              26.272382645516014
            ],
            [
              -80.17091885987132,
              26.27239487621956
            ],
            [
              -80.17089598134237,
              26.272417631870425
            ],
            [
              -80.17088817452583,
              26.272424808375273
            ],
            [
              -80.17087999462137,
              26.272432360005965
            ],
            [
              -80.1708796065949,
              26.272432724214916
            ],
            [
              -80.17086491991559,
              26.272446949895656
            ],
            [
              -80.17085652098999,
              26.27245404625925
            ],
            [
              -80.17083081101528,
              26.272476688969636
            ],
            [
              -80.17080043379892,
              26.272503969282383
            ],
            [
              -80.17078860916106,
              26.27251385560559
            ],
            [
              -80.17078841274743,
              26.272514023254697
            ],
            [
              -80.17078312130917,
              26.272518448758678
            ],
            [
              -80.17078269730025,
              26.27251880463625
            ],
            [
              -80.17076692077642,
              26.272532125938486
            ],
            [
              -80.17075003896699,
              26.272546013996692
            ],
            [
              -80.17074172702567,
              26.27255284278762
            ],
            [
              -80.17073341307477,
              26.27255967246903
            ],
            [
              -80.17071527126546,
              26.272571948447027
            ],
            [
              -80.17070607395466,
              26.272578123162255
            ],
            [
              -80.17069687661723,
              26.27258430148705
            ],
            [
              -80.16963071390433,
              26.273300681247683
            ],
            [
              -80.16955687171524,
              26.273350002837443
            ],
            [
              -80.16932824126052,
              26.27356158472717
            ],
            [
              -80.1693249519926,
              26.273565310522415
            ],
            [
              -80.16932628362011,
              26.273652206534308
            ],
            [
              -80.16932737462139,
              26.273868250319865
            ],
            [
              -80.16933026194049,
              26.274190292406534
            ],
            [
              -80.16933028337324,
              26.274192625714182
            ],
            [
              -80.16933030180908,
              26.27419495810192
            ],
            [
              -80.16933171462105,
              26.274394203006946
            ],
            [
              -80.16933411815346,
              26.274732587191945
            ],
            [
              -80.16933412998208,
              26.27473387886021
            ],
            [
              -80.16933413197663,
              26.274734020577654
            ],
            [
              -80.16933540299421,
              26.274812835377592
            ],
            [
              -80.1693439096351,
              26.275281433850875
            ],
            [
              -80.1693440104357,
              26.275286962769783
            ],
            [
              -80.16934411023516,
              26.2752924916829
            ],
            [
              -80.16934592103394,
              26.275394066486
            ],
            [
              -80.16942487803198,
              26.27982185145565
            ],
            [
              -80.16944766677635,
              26.281079622401887
            ],
            [
              -80.16944792768162,
              26.281094022845526
            ],
            [
              -80.16944818858047,
              26.28110842419167
            ],
            [
              -80.16944929668195,
              26.281186077258077
            ],
            [
              -80.16950611202043,
              26.285167214164026
            ],
            [
              -80.16952722200718,
              26.286739349036143
            ],
            [
              -80.16954861542037,
              26.288318074982982
            ],
            [
              -80.16954881359445,
              26.288332707916332
            ],
            [
              -80.16954993675442,
              26.288409089254387
            ],
            [
              -80.1695500154659,
              26.288414064751922
            ],
            [
              -80.16955045759721,
              26.288426638497985
            ],
            [
              -80.16955603097327,
              26.28878975764892
            ],
            [
              -80.16955612192457,
              26.28879652935875
            ],
            [
              -80.16955620513498,
              26.288802138495864
            ],
            [
              -80.1695562894505,
              26.28880703008528
            ],
            [
              -80.16955641581839,
              26.288816139692045
            ],
            [
              -80.16955656471548,
              26.28882208587302
            ],
            [
              -80.16955710355695,
              26.288865648586647
            ],
            [
              -80.16956356832904,
              26.28930310605966
            ],
            [
              -80.1695669066275,
              26.28956081031698
            ],
            [
              -80.1695682183062,
              26.28965022784692
            ],
            [
              -80.16957205287801,
              26.289945380451698
            ],
            [
              -80.16960006442987,
              26.291960121599924
            ],
            [
              -80.1696003287802,
              26.291979099945586
            ],
            [
              -80.16960059512662,
              26.29199807920534
            ],
            [
              -80.16960988854478,
              26.292657245381005
            ],
            [
              -80.1696106183366,
              26.292708862928237
            ],
            [
              -80.16964748444505,
              26.29531981698171
            ],
            [
              -80.16964966026991,
              26.295457593521604
            ],
            [
              -80.16964968244945,
              26.295458978212224
            ],
            [
              -80.16964970361485,
              26.295460364702166
            ],
            [
              -80.16965412966847,
              26.295767364194305
            ],
            [
              -80.16965418912089,
              26.295771529056047
            ],
            [
              -80.16965424684555,
              26.29577579589962
            ],
            [
              -80.1696601968408,
              26.296213685034978
            ],
            [
              -80.16966780896446,
              26.296752098997207
            ],
            [
              -80.16975777868258,
              26.30053823608193
            ],
            [
              -80.16976046155331,
              26.300648840511403
            ],
            [
              -80.16976060605987,
              26.30065273328277
            ],
            [
              -80.16976786097716,
              26.30084757690698
            ],
            [
              -80.16976998285557,
              26.300894815904318
            ],
            [
              -80.16981326839709,
              26.301814496272982
            ],
            [
              -80.1698413259145,
              26.302411589490077
            ],
            [
              -80.16998870039716,
              26.30554749937034
            ],
            [
              -80.16999794540928,
              26.305744618055925
            ],
            [
              -80.17002353613086,
              26.306289212454473
            ],
            [
              -80.17015898133062,
              26.30917116183085
            ],
            [
              -80.17036612551749,
              26.313819686166983
            ],
            [
              -80.17052900385683,
              26.31747506801134
            ],
            [
              -80.17053575623207,
              26.31767290394837
            ],
            [
              -80.17054467713176,
              26.317934270612216
            ],
            [
              -80.17059263811149,
              26.320060055814174
            ],
            [
              -80.17066144848872,
              26.32616494515156
            ],
            [
              -80.17066991222904,
              26.326450887915897
            ],
            [
              -80.17069722500666,
              26.32749537882854
            ],
            [
              -80.17069722503584,
              26.32749565592052
            ],
            [
              -80.17069713180945,
              26.3275063518469
            ],
            [
              -80.17069702716651,
              26.327514713637516
            ],
            [
              -80.17069283472061,
              26.32784000327754
            ]
          ],
          [
            [
              -80.18041238899971,
              26.325028674972412
            ],
            [
              -80.17940451299542,
              26.325027003686035
            ],
            [
              -80.1793896230463,
              26.323593106634224
            ],
            [
              -80.17938592936785,
              26.323216224581266
            ],
            [
              -80.17938590213004,
              26.323213410178106
            ],
            [
              -80.17938587489854,
              26.32321059487242
            ],
            [
              -80.18039213761251,
              26.32320259736585
            ],
            [
              -80.18040498809269,
              26.324354739619313
            ],
            [
              -80.18040517484206,
              26.32437146370581
            ],
            [
              -80.18040520669877,
              26.324374336802897
            ],
            [
              -80.1804053267428,
              26.32438531287288
            ],
            [
              -80.18041238899971,
              26.325028674972412
            ]
          ],
          [
            [
              -80.18442580331906,
              26.323251089637257
            ],
            [
              -80.18442537221065,
              26.323207969959707
            ],
            [
              -80.18543124973903,
              26.323209418304998
            ],
            [
              -80.18633281309397,
              26.323209002201153
            ],
            [
              -80.18634202391893,
              26.323542175767752
            ],
            [
              -80.18634920786914,
              26.323853951141395
            ],
            [
              -80.18635465752584,
              26.32395498548245
            ],
            [
              -80.18636296908437,
              26.324030886525808
            ],
            [
              -80.18636765584935,
              26.324078132590948
            ],
            [
              -80.18637744793685,
              26.32417034807648
            ],
            [
              -80.18639297379296,
              26.324273360289357
            ],
            [
              -80.18641723224471,
              26.324429443316355
            ],
            [
              -80.1864552599258,
              26.32465471154277
            ],
            [
              -80.1864540985135,
              26.324820915368907
            ],
            [
              -80.18645863140407,
              26.32502176912101
            ],
            [
              -80.18545096518969,
              26.32502504978168
            ],
            [
              -80.18544331755523,
              26.324320794151895
            ],
            [
              -80.18443650174947,
              26.324321233097717
            ],
            [
              -80.18442580331906,
              26.323251089637257
            ]
          ],
          [
            [
              -80.18442317838415,
              26.323127094292076
            ],
            [
              -80.18291210816157,
              26.323126101086963
            ],
            [
              -80.18290493040625,
              26.322399579600162
            ],
            [
              -80.18289772912674,
              26.32167340720748
            ],
            [
              -80.18340163004912,
              26.321669857978964
            ],
            [
              -80.18339777455996,
              26.3213010402494
            ],
            [
              -80.18339789454774,
              26.321301211520712
            ],
            [
              -80.18339706811905,
              26.32095147986884
            ],
            [
              -80.1828929808921,
              26.320951620829234
            ],
            [
              -80.18288563560098,
              26.32022511893468
            ],
            [
              -80.18238141334264,
              26.3202254026979
            ],
            [
              -80.18237393592469,
              26.31949904712984
            ],
            [
              -80.18287829427688,
              26.3194986169919
            ],
            [
              -80.1833826486388,
              26.319498189569547
            ],
            [
              -80.18399321163677,
              26.319497665345022
            ],
            [
              -80.18439137167225,
              26.319498023568045
            ],
            [
              -80.18440284290827,
              26.320686669235226
            ],
            [
              -80.18440605669745,
              26.321299416947895
            ],
            [
              -80.18442295976236,
              26.323044632290177
            ],
            [
              -80.18442317838415,
              26.323127094292076
            ]
          ],
          [
            [
              -80.17876721916332,
              26.321550110730975
            ],
            [
              -80.17876762216154,
              26.321553750440753
            ],
            [
              -80.17876751615137,
              26.32157446136017
            ],
            [
              -80.17877023733168,
              26.32191003128856
            ],
            [
              -80.17853468814553,
              26.322123112579558
            ],
            [
              -80.1785019151563,
              26.322152880561426
            ],
            [
              -80.17847067502296,
              26.322181587760195
            ],
            [
              -80.17847057095612,
              26.32219633714094
            ],
            [
              -80.17847060540527,
              26.32219855227188
            ],
            [
              -80.17847219984806,
              26.32230218491501
            ],
            [
              -80.17848731741225,
              26.323069029305135
            ],
            [
              -80.17848750175169,
              26.32307839102678
            ],
            [
              -80.17848768509597,
              26.323087751840145
            ],
            [
              -80.17743451051945,
              26.32308174401604
            ],
            [
              -80.17743246031532,
              26.32302985372279
            ],
            [
              -80.1773855969003,
              26.32184325170198
            ],
            [
              -80.17737094179284,
              26.321469021696178
            ],
            [
              -80.17736467240067,
              26.32131217493966
            ],
            [
              -80.17785150321353,
              26.32131198699204
            ],
            [
              -80.17805307013245,
              26.321312148015686
            ],
            [
              -80.17876459060939,
              26.321311319667842
            ],
            [
              -80.17876721916332,
              26.321550110730975
            ]
          ],
          [
            [
              -80.18096493870485,
              26.31971492533341
            ],
            [
              -80.18096527921465,
              26.32010053628073
            ],
            [
              -80.18036525263443,
              26.320097076854108
            ],
            [
              -80.18036123504893,
              26.319504199577295
            ],
            [
              -80.18036121047325,
              26.319500576474724
            ],
            [
              -80.18036118690543,
              26.319496952475305
            ],
            [
              -80.18096486766395,
              26.319495908096073
            ],
            [
              -80.18096493870485,
              26.31971492533341
            ]
          ],
          [
            [
              -80.1876506108704,
              26.322298682570448
            ],
            [
              -80.1885277824745,
              26.322298087254886
            ],
            [
              -80.18852799608378,
              26.32230839505076
            ],
            [
              -80.18852821069459,
              26.322318702852286
            ],
            [
              -80.18854499974448,
              26.323125112475935
            ],
            [
              -80.18765933870337,
              26.32312582846927
            ],
            [
              -80.1876506108704,
              26.322298682570448
            ]
          ],
          [
            [
              -80.19969704171467,
              26.278390133573733
            ],
            [
              -80.19869024983832,
              26.278390477502057
            ],
            [
              -80.19868979040079,
              26.27797620550159
            ],
            [
              -80.19868842123687,
              26.276990617418054
            ],
            [
              -80.19868771740133,
              26.276574739170552
            ],
            [
              -80.19969474789609,
              26.276574396317166
            ],
            [
              -80.19969704171467,
              26.278390133573733
            ]
          ]
        ]
      }
    }
  ]
}